"code","latitude","longitude","year","month","day","precip.mm","temp.min.C","temp.max.C"
"s1",19.572666,-100.21385,2001,1,1,0,0.527859210968018,22.0982971191406
"s1",19.572666,-100.21385,2001,1,2,0,2.41987729072571,23.8100357055664
"s1",19.572666,-100.21385,2001,1,3,0,0.315671145915985,21.3361263275146
"s1",19.572666,-100.21385,2001,1,4,0,-0.0256756711751223,21.9421653747559
"s1",19.572666,-100.21385,2001,1,5,0,-0.537979423999786,22.2421550750732
"s1",19.572666,-100.21385,2001,1,6,0,-0.562198281288147,23.3415451049805
"s1",19.572666,-100.21385,2001,1,7,0,-0.201375007629395,23.4198417663574
"s1",19.572666,-100.21385,2001,1,8,0,0.842177748680115,22.2913494110107
"s1",19.572666,-100.21385,2001,1,9,2.47560238838196,-0.255174040794373,21.578519821167
"s1",19.572666,-100.21385,2001,1,10,0,-1.08724665641785,20.3236064910889
"s1",19.572666,-100.21385,2001,1,11,0,-1.03728568553925,22.6709747314453
"s1",19.572666,-100.21385,2001,1,12,0,0.192295968532562,22.615270614624
"s1",19.572666,-100.21385,2001,1,13,0,1.35374116897583,23.3633995056152
"s1",19.572666,-100.21385,2001,1,14,0,1.89328587055206,24.2594108581543
"s1",19.572666,-100.21385,2001,1,15,0,1.79050934314728,24.2680778503418
"s1",19.572666,-100.21385,2001,1,16,0,2.67491102218628,23.2704372406006
"s1",19.572666,-100.21385,2001,1,17,0,2.45173931121826,24.4415664672852
"s1",19.572666,-100.21385,2001,1,18,0,1.10407972335815,20.1035308837891
"s1",19.572666,-100.21385,2001,1,19,0,2.33028411865234,21.6316585540771
"s1",19.572666,-100.21385,2001,1,20,0,2.7872371673584,22.2355403900146
"s1",19.572666,-100.21385,2001,1,21,0,1.64386069774628,19.8571376800537
"s1",19.572666,-100.21385,2001,1,22,0,0.783392131328583,23.4525337219238
"s1",19.572666,-100.21385,2001,1,23,0,1.34298670291901,23.3207759857178
"s1",19.572666,-100.21385,2001,1,24,0,0.381925821304321,23.1973724365234
"s1",19.572666,-100.21385,2001,1,25,0,0.565605163574219,23.07373046875
"s1",19.572666,-100.21385,2001,1,26,0,-1.40449678897858,23.6427478790283
"s1",19.572666,-100.21385,2001,1,27,0,1.00401198863983,23.5896472930908
"s1",19.572666,-100.21385,2001,1,28,0,3.27986001968384,23.6635704040527
"s1",19.572666,-100.21385,2001,1,29,0,2.84513688087463,23.9399681091309
"s1",19.572666,-100.21385,2001,1,30,0,3.04118084907532,23.1464405059814
"s1",19.572666,-100.21385,2001,1,31,0,0.944989800453186,22.5192966461182
"s1",19.572666,-100.21385,2001,2,1,0,3.28595280647278,22.4900493621826
"s1",19.572666,-100.21385,2001,2,2,0,2.71651291847229,22.781307220459
"s1",19.572666,-100.21385,2001,2,3,0,1.80175149440765,23.0224914550781
"s1",19.572666,-100.21385,2001,2,4,0,1.30912148952484,23.1277828216553
"s1",19.572666,-100.21385,2001,2,5,0,3.3733274936676,22.9344444274902
"s1",19.572666,-100.21385,2001,2,6,0,4.85746383666992,22.9874610900879
"s1",19.572666,-100.21385,2001,2,7,0,4.62246322631836,23.3416347503662
"s1",19.572666,-100.21385,2001,2,8,0,4.32474517822266,24.41552734375
"s1",19.572666,-100.21385,2001,2,9,0,2.42324137687683,24.621997833252
"s1",19.572666,-100.21385,2001,2,10,0,-1.09155988693237,24.5612621307373
"s1",19.572666,-100.21385,2001,2,11,0,2.56151437759399,24.3135871887207
"s1",19.572666,-100.21385,2001,2,12,0,3.896564245224,25.1354351043701
"s1",19.572666,-100.21385,2001,2,13,0,4.29002857208252,25.444408416748
"s1",19.572666,-100.21385,2001,2,14,0,1.0389301776886,25.3162727355957
"s1",19.572666,-100.21385,2001,2,15,0,1.72420012950897,24.7984924316406
"s1",19.572666,-100.21385,2001,2,16,0,1.14312267303467,23.2805233001709
"s1",19.572666,-100.21385,2001,2,17,0,2.08618664741516,25.1175937652588
"s1",19.572666,-100.21385,2001,2,18,0,3.86676073074341,25.8865032196045
"s1",19.572666,-100.21385,2001,2,19,0,3.70319652557373,24.9359111785889
"s1",19.572666,-100.21385,2001,2,20,0,3.50203585624695,25.1801910400391
"s1",19.572666,-100.21385,2001,2,21,0,3.64486193656921,24.3397426605225
"s1",19.572666,-100.21385,2001,2,22,0,4.2424259185791,24.8743343353271
"s1",19.572666,-100.21385,2001,2,23,0,4.665452003479,23.5581855773926
"s1",19.572666,-100.21385,2001,2,24,0,4.20313405990601,23.3802490234375
"s1",19.572666,-100.21385,2001,2,25,0,3.82869386672974,23.7346229553223
"s1",19.572666,-100.21385,2001,2,26,0,1.96993315219879,23.9141826629639
"s1",19.572666,-100.21385,2001,2,27,0,2.50177311897278,24.4473838806152
"s1",19.572666,-100.21385,2001,2,28,0,3.51252388954163,24.4849681854248
"s1",19.572666,-100.21385,2001,3,1,0,2.05830430984497,23.3788928985596
"s1",19.572666,-100.21385,2001,3,2,17.8775444030762,3.00172019004822,21.8007202148438
"s1",19.572666,-100.21385,2001,3,3,0,2.39855790138245,22.1212062835693
"s1",19.572666,-100.21385,2001,3,4,0,4.21766757965088,23.1326694488525
"s1",19.572666,-100.21385,2001,3,5,0,4.39610815048218,24.099157333374
"s1",19.572666,-100.21385,2001,3,6,0,3.96974849700928,23.8245334625244
"s1",19.572666,-100.21385,2001,3,7,0,1.97436809539795,25.6262512207031
"s1",19.572666,-100.21385,2001,3,8,0,3.34713649749756,24.9382438659668
"s1",19.572666,-100.21385,2001,3,9,0,4.13992261886597,25.455867767334
"s1",19.572666,-100.21385,2001,3,10,0,4.16060781478882,24.5517330169678
"s1",19.572666,-100.21385,2001,3,11,0,3.89779138565063,24.2911777496338
"s1",19.572666,-100.21385,2001,3,12,0,3.53194212913513,25.9675197601318
"s1",19.572666,-100.21385,2001,3,13,0,4.47780704498291,27.2668647766113
"s1",19.572666,-100.21385,2001,3,14,0,3.52971482276917,24.6933708190918
"s1",19.572666,-100.21385,2001,3,15,0,2.45362305641174,24.2575740814209
"s1",19.572666,-100.21385,2001,3,16,0,5.58812236785889,25.0333003997803
"s1",19.572666,-100.21385,2001,3,17,0,4.03824710845947,24.0556507110596
"s1",19.572666,-100.21385,2001,3,18,0,4.73139953613281,23.4934253692627
"s1",19.572666,-100.21385,2001,3,19,0,2.92765760421753,25.7140407562256
"s1",19.572666,-100.21385,2001,3,20,0,4.45216608047485,24.1684169769287
"s1",19.572666,-100.21385,2001,3,21,0,4.95496988296509,26.0425205230713
"s1",19.572666,-100.21385,2001,3,22,0,4.7511248588562,23.7508373260498
"s1",19.572666,-100.21385,2001,3,23,0,6.5213942527771,24.6596393585205
"s1",19.572666,-100.21385,2001,3,24,0,1.75707972049713,20.0883140563965
"s1",19.572666,-100.21385,2001,3,25,0,1.85699534416199,25.9830436706543
"s1",19.572666,-100.21385,2001,3,26,0,2.80285215377808,23.9382209777832
"s1",19.572666,-100.21385,2001,3,27,0,4.83461570739746,24.0469627380371
"s1",19.572666,-100.21385,2001,3,28,0,2.814213514328,23.9356784820557
"s1",19.572666,-100.21385,2001,3,29,0,4.58301782608032,24.000036239624
"s1",19.572666,-100.21385,2001,3,30,0,4.66368675231934,24.128246307373
"s1",19.572666,-100.21385,2001,3,31,0,4.7372579574585,27.0964069366455
"s1",19.572666,-100.21385,2001,4,1,0,0.704171895980835,27.1797428131104
"s1",19.572666,-100.21385,2001,4,2,0,1.67992281913757,25.6974029541016
"s1",19.572666,-100.21385,2001,4,3,0,2.35615873336792,28.3351440429688
"s1",19.572666,-100.21385,2001,4,4,0,2.96910095214844,27.5959625244141
"s1",19.572666,-100.21385,2001,4,5,0,2.26788210868835,25.0510215759277
"s1",19.572666,-100.21385,2001,4,6,0,1.60719692707062,28.4700984954834
"s1",19.572666,-100.21385,2001,4,7,0,1.97849917411804,28.8092975616455
"s1",19.572666,-100.21385,2001,4,8,0,2.8724365234375,28.8383502960205
"s1",19.572666,-100.21385,2001,4,9,0,1.49381029605865,28.2447204589844
"s1",19.572666,-100.21385,2001,4,10,0,2.49622988700867,28.452522277832
"s1",19.572666,-100.21385,2001,4,11,0,1.90663576126099,29.0776309967041
"s1",19.572666,-100.21385,2001,4,12,0,1.53930735588074,29.5317058563232
"s1",19.572666,-100.21385,2001,4,13,0,4.38626623153687,29.1285228729248
"s1",19.572666,-100.21385,2001,4,14,0,3.38026809692383,28.2657928466797
"s1",19.572666,-100.21385,2001,4,15,0,2.45049905776978,29.5413475036621
"s1",19.572666,-100.21385,2001,4,16,0,1.19848489761353,30.0622787475586
"s1",19.572666,-100.21385,2001,4,17,0,2.23275828361511,29.2404861450195
"s1",19.572666,-100.21385,2001,4,18,12.1947374343872,2.9123637676239,28.5962409973145
"s1",19.572666,-100.21385,2001,4,19,3.3899667263031,3.4687647819519,27.3453998565674
"s1",19.572666,-100.21385,2001,4,20,0,2.27576637268066,28.4170894622803
"s1",19.572666,-100.21385,2001,4,21,2.28191161155701,3.91179418563843,27.6295528411865
"s1",19.572666,-100.21385,2001,4,22,0,2.67249393463135,27.7495574951172
"s1",19.572666,-100.21385,2001,4,23,0,1.7431982755661,29.0603580474854
"s1",19.572666,-100.21385,2001,4,24,17.3666915893555,2.69904685020447,27.7301254272461
"s1",19.572666,-100.21385,2001,4,25,8.12929821014404,3.13480353355408,26.52490234375
"s1",19.572666,-100.21385,2001,4,26,5.81560039520264,2.70007586479187,15.4690656661987
"s1",19.572666,-100.21385,2001,4,27,1.91200792789459,3.22690582275391,24.1316261291504
"s1",19.572666,-100.21385,2001,4,28,1.48743641376495,2.66241717338562,16.2590885162354
"s1",19.572666,-100.21385,2001,4,29,0,2.92130732536316,26.1844215393066
"s1",19.572666,-100.21385,2001,4,30,0,3.18006110191345,16.6151676177979
"s1",19.572666,-100.21385,2001,5,1,0,1.82434678077698,16.2813358306885
"s1",19.572666,-100.21385,2001,5,2,0,3.10563206672668,16.794584274292
"s1",19.572666,-100.21385,2001,5,3,0,2.32625770568848,16.6610851287842
"s1",19.572666,-100.21385,2001,5,4,0,3.42191863059998,16.13330078125
"s1",19.572666,-100.21385,2001,5,5,0,4.86115455627441,17.0658855438232
"s1",19.572666,-100.21385,2001,5,6,0,3.3374707698822,18.2311134338379
"s1",19.572666,-100.21385,2001,5,7,7.33311939239502,4.19665098190308,17.7367324829102
"s1",19.572666,-100.21385,2001,5,8,5.73431539535522,2.88861465454102,16.4177989959717
"s1",19.572666,-100.21385,2001,5,9,0,2.5408034324646,16.5497455596924
"s1",19.572666,-100.21385,2001,5,10,0,1.90309751033783,15.5690612792969
"s1",19.572666,-100.21385,2001,5,11,8.35227298736572,3.5241060256958,16.652660369873
"s1",19.572666,-100.21385,2001,5,12,13.946702003479,3.43137121200562,16.8341102600098
"s1",19.572666,-100.21385,2001,5,13,1.24291431903839,1.63936758041382,15.1870555877686
"s1",19.572666,-100.21385,2001,5,14,0,3.63876152038574,16.5382957458496
"s1",19.572666,-100.21385,2001,5,15,0,2.72916483879089,17.4477500915527
"s1",19.572666,-100.21385,2001,5,16,0,2.76891922950745,18.4046611785889
"s1",19.572666,-100.21385,2001,5,17,0,3.28296494483948,18.8729400634766
"s1",19.572666,-100.21385,2001,5,18,0,3.86920547485352,20.8876972198486
"s1",19.572666,-100.21385,2001,5,19,0,3.39383888244629,19.9069766998291
"s1",19.572666,-100.21385,2001,5,20,0,5.04710626602173,19.9830055236816
"s1",19.572666,-100.21385,2001,5,21,0,4.25112152099609,17.8371391296387
"s1",19.572666,-100.21385,2001,5,22,10.2379465103149,4.18693065643311,18.5590114593506
"s1",19.572666,-100.21385,2001,5,23,4.95613431930542,3.45602869987488,18.0892200469971
"s1",19.572666,-100.21385,2001,5,24,0,2.66468143463135,18.6873245239258
"s1",19.572666,-100.21385,2001,5,25,0,4.08456659317017,16.4913902282715
"s1",19.572666,-100.21385,2001,5,26,0,5.10620021820068,16.9400005340576
"s1",19.572666,-100.21385,2001,5,27,0,4.35484552383423,18.4186859130859
"s1",19.572666,-100.21385,2001,5,28,0,3.65108036994934,19.8161697387695
"s1",19.572666,-100.21385,2001,5,29,0,3.21235537528992,16.8502044677734
"s1",19.572666,-100.21385,2001,5,30,2.53974032402039,3.2504870891571,18.3514823913574
"s1",19.572666,-100.21385,2001,5,31,5.12827968597412,3.78032302856445,17.0369548797607
"s1",19.572666,-100.21385,2001,6,1,2.50941014289856,4.44600915908813,26.5325012207031
"s1",19.572666,-100.21385,2001,6,2,3.21558260917664,4.61763477325439,16.6063861846924
"s1",19.572666,-100.21385,2001,6,3,1.53360831737518,4.91424179077148,26.1397323608398
"s1",19.572666,-100.21385,2001,6,4,0,3.85296630859375,14.0985527038574
"s1",19.572666,-100.21385,2001,6,5,11.0572996139526,3.28007507324219,15.5406637191772
"s1",19.572666,-100.21385,2001,6,6,9.76115608215332,3.90560913085938,16.4152088165283
"s1",19.572666,-100.21385,2001,6,7,0,3.03367209434509,26.2409553527832
"s1",19.572666,-100.21385,2001,6,8,0,3.75660228729248,25.7712898254395
"s1",19.572666,-100.21385,2001,6,9,3.85754632949829,3.81332945823669,25.7376689910889
"s1",19.572666,-100.21385,2001,6,10,13.3922033309937,4.66112565994263,25.6529369354248
"s1",19.572666,-100.21385,2001,6,11,0,3.4159197807312,25.4059028625488
"s1",19.572666,-100.21385,2001,6,12,4.09278917312622,5.01934003829956,24.2318382263184
"s1",19.572666,-100.21385,2001,6,13,2.74095988273621,4.40899896621704,14.3378028869629
"s1",19.572666,-100.21385,2001,6,14,6.4698224067688,3.59582781791687,15.3880949020386
"s1",19.572666,-100.21385,2001,6,15,0,3.00397968292236,14.5116910934448
"s1",19.572666,-100.21385,2001,6,16,0,4.41955375671387,14.7821941375732
"s1",19.572666,-100.21385,2001,6,17,1.6696400642395,3.53597831726074,23.9901313781738
"s1",19.572666,-100.21385,2001,6,18,5.11187982559204,3.86277770996094,24.4696941375732
"s1",19.572666,-100.21385,2001,6,19,4.7157621383667,3.4491662979126,24.0704975128174
"s1",19.572666,-100.21385,2001,6,20,3.78029489517212,3.42196464538574,24.2541160583496
"s1",19.572666,-100.21385,2001,6,21,7.48790121078491,2.9900209903717,23.455602645874
"s1",19.572666,-100.21385,2001,6,22,6.53171586990356,3.31694626808167,24.2523765563965
"s1",19.572666,-100.21385,2001,6,23,0,3.3741352558136,24.3756370544434
"s1",19.572666,-100.21385,2001,6,24,0,3.84421181678772,24.1611862182617
"s1",19.572666,-100.21385,2001,6,25,16.186580657959,4.27716207504272,23.9718761444092
"s1",19.572666,-100.21385,2001,6,26,7.84636974334717,3.9285032749176,24.0787506103516
"s1",19.572666,-100.21385,2001,6,27,8.96033000946045,3.84599184989929,24.4264392852783
"s1",19.572666,-100.21385,2001,6,28,0,4.51090526580811,24.2543182373047
"s1",19.572666,-100.21385,2001,6,29,0,3.21941065788269,24.7271347045898
"s1",19.572666,-100.21385,2001,6,30,0,5.54536056518555,25.3591976165771
"s1",19.572666,-100.21385,2001,7,1,2.73470783233643,4.00367069244385,24.8527812957764
"s1",19.572666,-100.21385,2001,7,2,10.1653804779053,4.03675937652588,23.3552646636963
"s1",19.572666,-100.21385,2001,7,3,5.97044658660889,3.49856328964233,24.0116767883301
"s1",19.572666,-100.21385,2001,7,4,7.30443143844604,4.53863286972046,23.6383304595947
"s1",19.572666,-100.21385,2001,7,5,7.58987998962402,3.21959328651428,24.995719909668
"s1",19.572666,-100.21385,2001,7,6,7.50247621536255,5.21200656890869,24.4501361846924
"s1",19.572666,-100.21385,2001,7,7,0,2.41057729721069,16.0722694396973
"s1",19.572666,-100.21385,2001,7,8,9.38655185699463,2.36796736717224,24.0364379882812
"s1",19.572666,-100.21385,2001,7,9,10.4175634384155,3.33679151535034,24.440637588501
"s1",19.572666,-100.21385,2001,7,10,3.7197425365448,2.82251858711243,24.3112754821777
"s1",19.572666,-100.21385,2001,7,11,4.75458097457886,4.52075576782227,24.1280860900879
"s1",19.572666,-100.21385,2001,7,12,9.07068920135498,4.04059982299805,13.7070093154907
"s1",19.572666,-100.21385,2001,7,13,3.3841118812561,4.2028694152832,14.6621427536011
"s1",19.572666,-100.21385,2001,7,14,5.58148765563965,2.27071237564087,25.0536117553711
"s1",19.572666,-100.21385,2001,7,15,11.9094524383545,4.76911544799805,14.32581615448
"s1",19.572666,-100.21385,2001,7,16,24.0458393096924,3.77941727638245,13.9564352035522
"s1",19.572666,-100.21385,2001,7,17,13.4875230789185,4.58430051803589,24.2474365234375
"s1",19.572666,-100.21385,2001,7,18,9.4102954864502,3.33365416526794,25.4429531097412
"s1",19.572666,-100.21385,2001,7,19,6.93725633621216,2.30116152763367,17.1255187988281
"s1",19.572666,-100.21385,2001,7,20,2.84976673126221,4.60001564025879,24.5336112976074
"s1",19.572666,-100.21385,2001,7,21,7.09703350067139,4.43513345718384,24.9642963409424
"s1",19.572666,-100.21385,2001,7,22,10.1174879074097,3.46672081947327,25.4123134613037
"s1",19.572666,-100.21385,2001,7,23,0,3.74213218688965,15.1816072463989
"s1",19.572666,-100.21385,2001,7,24,15.872218132019,3.61961913108826,14.2899312973022
"s1",19.572666,-100.21385,2001,7,25,13.9993810653687,3.43973445892334,15.6526861190796
"s1",19.572666,-100.21385,2001,7,26,20.2644996643066,2.21813917160034,24.7059764862061
"s1",19.572666,-100.21385,2001,7,27,13.8236083984375,2.02078199386597,24.7531089782715
"s1",19.572666,-100.21385,2001,7,28,10.6951313018799,3.44805312156677,24.7451152801514
"s1",19.572666,-100.21385,2001,7,29,21.1943073272705,3.2092592716217,24.7256107330322
"s1",19.572666,-100.21385,2001,7,30,11.4101095199585,2.75187373161316,23.3803119659424
"s1",19.572666,-100.21385,2001,7,31,13.3104419708252,2.28458309173584,23.4729557037354
"s1",19.572666,-100.21385,2001,8,1,12.4362163543701,1.37116754055023,13.7025022506714
"s1",19.572666,-100.21385,2001,8,2,0,2.45367288589478,16.0560054779053
"s1",19.572666,-100.21385,2001,8,3,5.68583822250366,-2.42557954788208,14.8890333175659
"s1",19.572666,-100.21385,2001,8,4,0,0.139541909098625,16.7449321746826
"s1",19.572666,-100.21385,2001,8,5,19.0562419891357,-0.362239390611649,15.6522359848022
"s1",19.572666,-100.21385,2001,8,6,11.4724473953247,-0.377056866884232,15.334135055542
"s1",19.572666,-100.21385,2001,8,7,18.4004077911377,0.0689029172062874,16.5547866821289
"s1",19.572666,-100.21385,2001,8,8,9.31822490692139,0.581072986125946,14.2146224975586
"s1",19.572666,-100.21385,2001,8,9,0,0.637684047222137,15.2322444915771
"s1",19.572666,-100.21385,2001,8,10,10.6212739944458,-0.19614189863205,15.5839862823486
"s1",19.572666,-100.21385,2001,8,11,11.1240472793579,-0.790539026260376,15.5579710006714
"s1",19.572666,-100.21385,2001,8,12,6.3191933631897,-0.0926259756088257,14.3755044937134
"s1",19.572666,-100.21385,2001,8,13,0,0.304631859064102,15.0052814483643
"s1",19.572666,-100.21385,2001,8,14,7.37173080444336,-1.51264595985413,15.6042060852051
"s1",19.572666,-100.21385,2001,8,15,0.000296467856969684,-1.02640628814697,15.584303855896
"s1",19.572666,-100.21385,2001,8,16,5.56666612625122,1.17267870903015,16.2315921783447
"s1",19.572666,-100.21385,2001,8,17,7.01519632339478,-2.04283785820007,17.376371383667
"s1",19.572666,-100.21385,2001,8,18,5.51116132736206,-1.71962070465088,15.9420070648193
"s1",19.572666,-100.21385,2001,8,19,0,0.326741248369217,17.036096572876
"s1",19.572666,-100.21385,2001,8,20,0,1.04316461086273,16.0487785339355
"s1",19.572666,-100.21385,2001,8,21,0,0.275489896535873,15.1628522872925
"s1",19.572666,-100.21385,2001,8,22,0,0.498989641666412,17.0426139831543
"s1",19.572666,-100.21385,2001,8,23,0,-1.04522049427032,14.8100709915161
"s1",19.572666,-100.21385,2001,8,24,0,-0.788297772407532,15.4415884017944
"s1",19.572666,-100.21385,2001,8,25,19.4314956665039,-0.118448480963707,16.4260005950928
"s1",19.572666,-100.21385,2001,8,26,9.56818103790283,-0.565407931804657,14.830472946167
"s1",19.572666,-100.21385,2001,8,27,9.55696582794189,-1.06928038597107,14.3007936477661
"s1",19.572666,-100.21385,2001,8,28,24.3372764587402,-0.444506078958511,15.8045015335083
"s1",19.572666,-100.21385,2001,8,29,4.92591667175293,-0.557973504066467,14.8074378967285
"s1",19.572666,-100.21385,2001,8,30,11.0862884521484,-0.628819823265076,15.8720293045044
"s1",19.572666,-100.21385,2001,8,31,0,-0.26609069108963,14.575758934021
"s1",19.572666,-100.21385,2001,9,1,5.94745969772339,-0.127482771873474,23.8239803314209
"s1",19.572666,-100.21385,2001,9,2,0,-0.818415760993958,23.7330017089844
"s1",19.572666,-100.21385,2001,9,3,6.34970283508301,0.392575114965439,24.6274852752686
"s1",19.572666,-100.21385,2001,9,4,0,-0.323608100414276,23.9367866516113
"s1",19.572666,-100.21385,2001,9,5,16.9199237823486,-0.951024293899536,23.6313667297363
"s1",19.572666,-100.21385,2001,9,6,6.43130302429199,-0.178328081965446,23.7270622253418
"s1",19.572666,-100.21385,2001,9,7,8.59845924377441,-0.246814489364624,23.788932800293
"s1",19.572666,-100.21385,2001,9,8,5.59179019927979,-0.343589454889297,23.4509544372559
"s1",19.572666,-100.21385,2001,9,9,3.39703512191772,0.573850691318512,23.8905792236328
"s1",19.572666,-100.21385,2001,9,10,0.264858514070511,-0.879207074642181,22.5722599029541
"s1",19.572666,-100.21385,2001,9,11,11.3842849731445,-0.402770698070526,23.6525783538818
"s1",19.572666,-100.21385,2001,9,12,9.21244525909424,-1.61791467666626,23.771125793457
"s1",19.572666,-100.21385,2001,9,13,0,-0.880450129508972,23.5547676086426
"s1",19.572666,-100.21385,2001,9,14,0,-0.455895394086838,23.3162136077881
"s1",19.572666,-100.21385,2001,9,15,0,-1.65903770923615,23.8060111999512
"s1",19.572666,-100.21385,2001,9,16,0,-1.64844083786011,24.1459693908691
"s1",19.572666,-100.21385,2001,9,17,0,0.843162596225739,23.9422512054443
"s1",19.572666,-100.21385,2001,9,18,17.7372703552246,-1.89222431182861,23.9220638275146
"s1",19.572666,-100.21385,2001,9,19,12.3432760238647,-0.264410704374313,24.038122177124
"s1",19.572666,-100.21385,2001,9,20,0,-0.0915217325091362,24.8597316741943
"s1",19.572666,-100.21385,2001,9,21,0,-0.91387927532196,24.5803642272949
"s1",19.572666,-100.21385,2001,9,22,0,-0.320558428764343,22.9520473480225
"s1",19.572666,-100.21385,2001,9,23,10.1907997131348,-1.2233213186264,22.5479907989502
"s1",19.572666,-100.21385,2001,9,24,7.1319751739502,-1.00878846645355,21.7805614471436
"s1",19.572666,-100.21385,2001,9,25,15.6517810821533,-0.884613275527954,22.0681667327881
"s1",19.572666,-100.21385,2001,9,26,9.97650718688965,-0.357915461063385,22.3690013885498
"s1",19.572666,-100.21385,2001,9,27,0,-0.89400988817215,22.7021007537842
"s1",19.572666,-100.21385,2001,9,28,0,0.420707434415817,23.1263580322266
"s1",19.572666,-100.21385,2001,9,29,3.26271319389343,-1.2592693567276,23.6454849243164
"s1",19.572666,-100.21385,2001,9,30,0,-0.442474156618118,24.1758842468262
"s1",19.572666,-100.21385,2001,10,1,0,0.197921320796013,23.5813999176025
"s1",19.572666,-100.21385,2001,10,2,0,-2.04389309883118,23.4951000213623
"s1",19.572666,-100.21385,2001,10,3,8.72482967376709,-0.0474046468734741,21.2416667938232
"s1",19.572666,-100.21385,2001,10,4,0,-0.656058549880981,22.4809055328369
"s1",19.572666,-100.21385,2001,10,5,0,0.406883418560028,23.9121513366699
"s1",19.572666,-100.21385,2001,10,6,0.123759508132935,1.10556530952454,24.7251567840576
"s1",19.572666,-100.21385,2001,10,7,0,0.407324254512787,23.4519748687744
"s1",19.572666,-100.21385,2001,10,8,0,-1.31234323978424,24.07958984375
"s1",19.572666,-100.21385,2001,10,9,0,-0.298841327428818,24.7456703186035
"s1",19.572666,-100.21385,2001,10,10,6.15013742446899,-0.357474654912949,23.7059116363525
"s1",19.572666,-100.21385,2001,10,11,7.1627049446106,0.826895594596863,23.2511100769043
"s1",19.572666,-100.21385,2001,10,12,0,1.0487163066864,23.1976947784424
"s1",19.572666,-100.21385,2001,10,13,0,-1.21306395530701,23.5590782165527
"s1",19.572666,-100.21385,2001,10,14,5.15678691864014,2.58592939376831,23.8306217193604
"s1",19.572666,-100.21385,2001,10,15,0,1.51145732402802,23.6634826660156
"s1",19.572666,-100.21385,2001,10,16,0,1.15435039997101,21.1945247650146
"s1",19.572666,-100.21385,2001,10,17,0,3.12518811225891,22.6850414276123
"s1",19.572666,-100.21385,2001,10,18,0,-0.117050997912884,23.4657974243164
"s1",19.572666,-100.21385,2001,10,19,0,-2.24044513702393,23.5491333007812
"s1",19.572666,-100.21385,2001,10,20,0,1.96117329597473,24.5387382507324
"s1",19.572666,-100.21385,2001,10,21,0,2.94363164901733,24.0629863739014
"s1",19.572666,-100.21385,2001,10,22,0,1.79861068725586,23.4639148712158
"s1",19.572666,-100.21385,2001,10,23,0,0.662834584712982,23.7298145294189
"s1",19.572666,-100.21385,2001,10,24,0,-1.66740918159485,23.828182220459
"s1",19.572666,-100.21385,2001,10,25,0,-0.435355812311172,23.2667636871338
"s1",19.572666,-100.21385,2001,10,26,0,-1.35927546024323,21.877498626709
"s1",19.572666,-100.21385,2001,10,27,0,-0.270734131336212,21.1134376525879
"s1",19.572666,-100.21385,2001,10,28,0,0.664350807666779,22.0412788391113
"s1",19.572666,-100.21385,2001,10,29,0,1.55814874172211,21.7085113525391
"s1",19.572666,-100.21385,2001,10,30,0,3.4218430519104,21.7381477355957
"s1",19.572666,-100.21385,2001,10,31,0,3.07397794723511,21.2180404663086
"s1",19.572666,-100.21385,2001,11,1,0,3.58255743980408,23.0074367523193
"s1",19.572666,-100.21385,2001,11,2,0,1.59216284751892,22.6827354431152
"s1",19.572666,-100.21385,2001,11,3,0,2.60172510147095,22.4866180419922
"s1",19.572666,-100.21385,2001,11,4,0,0.652349174022675,21.7680892944336
"s1",19.572666,-100.21385,2001,11,5,0,-2.26371049880981,21.9816818237305
"s1",19.572666,-100.21385,2001,11,6,0,-1.70868909358978,22.7112503051758
"s1",19.572666,-100.21385,2001,11,7,0,3.23229575157166,23.1041774749756
"s1",19.572666,-100.21385,2001,11,8,0,1.82745277881622,23.5565166473389
"s1",19.572666,-100.21385,2001,11,9,0,1.3519800901413,23.1217937469482
"s1",19.572666,-100.21385,2001,11,10,0,1.13197779655457,23.3265495300293
"s1",19.572666,-100.21385,2001,11,11,0,2.17594432830811,23.1730766296387
"s1",19.572666,-100.21385,2001,11,12,0,2.4599597454071,23.3180961608887
"s1",19.572666,-100.21385,2001,11,13,4.07862854003906,1.36365211009979,22.5362110137939
"s1",19.572666,-100.21385,2001,11,14,0,1.97539186477661,22.3178024291992
"s1",19.572666,-100.21385,2001,11,15,3.45856118202209,1.98597896099091,22.1751289367676
"s1",19.572666,-100.21385,2001,11,16,0,3.90897035598755,23.9234561920166
"s1",19.572666,-100.21385,2001,11,17,0,4.09106254577637,22.9496726989746
"s1",19.572666,-100.21385,2001,11,18,0,4.16434955596924,23.6717987060547
"s1",19.572666,-100.21385,2001,11,19,0,4.09724617004395,24.0429763793945
"s1",19.572666,-100.21385,2001,11,20,0,4.10383462905884,23.3309803009033
"s1",19.572666,-100.21385,2001,11,21,0,4.84408330917358,21.9798412322998
"s1",19.572666,-100.21385,2001,11,22,0,3.29391074180603,21.7173748016357
"s1",19.572666,-100.21385,2001,11,23,0,4.0430645942688,22.7041912078857
"s1",19.572666,-100.21385,2001,11,24,0,2.82351899147034,23.2373065948486
"s1",19.572666,-100.21385,2001,11,25,0,3.26504826545715,24.1189556121826
"s1",19.572666,-100.21385,2001,11,26,0,2.39399552345276,23.4950847625732
"s1",19.572666,-100.21385,2001,11,27,0,1.7117326259613,22.8271312713623
"s1",19.572666,-100.21385,2001,11,28,0,2.58200812339783,21.8712635040283
"s1",19.572666,-100.21385,2001,11,29,0,3.253413438797,23.1532821655273
"s1",19.572666,-100.21385,2001,11,30,0,2.89514136314392,23.7986431121826
"s1",19.572666,-100.21385,2001,12,1,0,2.81034851074219,23.8802585601807
"s1",19.572666,-100.21385,2001,12,2,0,0.897934556007385,23.5866985321045
"s1",19.572666,-100.21385,2001,12,3,0,-7.17765712738037,22.8737411499023
"s1",19.572666,-100.21385,2001,12,4,0,-6.5867338180542,23.2016220092773
"s1",19.572666,-100.21385,2001,12,5,0,1.92982721328735,23.370267868042
"s1",19.572666,-100.21385,2001,12,6,0,0.424816846847534,23.4848766326904
"s1",19.572666,-100.21385,2001,12,7,0,0.192670464515686,23.4102916717529
"s1",19.572666,-100.21385,2001,12,8,0,3.77538275718689,22.7884902954102
"s1",19.572666,-100.21385,2001,12,9,0,2.22327733039856,22.6322917938232
"s1",19.572666,-100.21385,2001,12,10,0,2.06135678291321,22.6745109558105
"s1",19.572666,-100.21385,2001,12,11,0,-0.707937836647034,22.3270969390869
"s1",19.572666,-100.21385,2001,12,12,0,4.52966785430908,23.4974002838135
"s1",19.572666,-100.21385,2001,12,13,0,1.83821332454681,23.7214088439941
"s1",19.572666,-100.21385,2001,12,14,0,0.115619122982025,21.8832626342773
"s1",19.572666,-100.21385,2001,12,15,0,0.101417124271393,21.5697422027588
"s1",19.572666,-100.21385,2001,12,16,0,1.14710414409637,22.3170185089111
"s1",19.572666,-100.21385,2001,12,17,0,-5.59662628173828,24.0166912078857
"s1",19.572666,-100.21385,2001,12,18,0,1.69585537910461,23.4570007324219
"s1",19.572666,-100.21385,2001,12,19,0,0.258944362401962,23.2736644744873
"s1",19.572666,-100.21385,2001,12,20,0,-2.255206823349,21.5843658447266
"s1",19.572666,-100.21385,2001,12,21,0,1.5392130613327,22.9036464691162
"s1",19.572666,-100.21385,2001,12,22,0,0.183226555585861,22.6706523895264
"s1",19.572666,-100.21385,2001,12,23,0,-0.89175146818161,16.903356552124
"s1",19.572666,-100.21385,2001,12,24,0,0.221998319029808,21.7088794708252
"s1",19.572666,-100.21385,2001,12,25,0,1.37977981567383,23.2564678192139
"s1",19.572666,-100.21385,2001,12,26,0,0.872596740722656,20.0736885070801
"s1",19.572666,-100.21385,2001,12,27,0,-1.60318470001221,19.4122295379639
"s1",19.572666,-100.21385,2001,12,28,0,1.19838631153107,19.9983062744141
"s1",19.572666,-100.21385,2001,12,29,0,1.98021829128265,20.7185554504395
"s1",19.572666,-100.21385,2001,12,30,0,0.956278085708618,21.0271739959717
"s1",19.572666,-100.21385,2001,12,31,0,2.60250020027161,20.5175399780273
"s2",20.29,-103.18917,2001,1,1,0,7.51329565048218,20.6741142272949
"s2",20.29,-103.18917,2001,1,2,0,7.75088119506836,23.1113967895508
"s2",20.29,-103.18917,2001,1,3,0,8.2837028503418,20.3177452087402
"s2",20.29,-103.18917,2001,1,4,0,8.05807495117188,22.875768661499
"s2",20.29,-103.18917,2001,1,5,0,7.94125938415527,24.2643299102783
"s2",20.29,-103.18917,2001,1,6,0,8.30947589874268,25.251579284668
"s2",20.29,-103.18917,2001,1,7,0,8.48673820495605,26.4345779418945
"s2",20.29,-103.18917,2001,1,8,0,8.3163366317749,24.4185962677002
"s2",20.29,-103.18917,2001,1,9,0,8.81911182403564,21.8621273040771
"s2",20.29,-103.18917,2001,1,10,0,8.73158073425293,23.5263061523438
"s2",20.29,-103.18917,2001,1,11,0,8.37680149078369,23.5456066131592
"s2",20.29,-103.18917,2001,1,12,0,8.40081310272217,24.0446243286133
"s2",20.29,-103.18917,2001,1,13,0,8.66879749298096,25.3147869110107
"s2",20.29,-103.18917,2001,1,14,0,9.0219144821167,24.9101905822754
"s2",20.29,-103.18917,2001,1,15,0,9.11049747467041,25.9865436553955
"s2",20.29,-103.18917,2001,1,16,0,8.84191703796387,25.6433658599854
"s2",20.29,-103.18917,2001,1,17,0,8.93600654602051,25.5156288146973
"s2",20.29,-103.18917,2001,1,18,0,9.32789993286133,23.9120769500732
"s2",20.29,-103.18917,2001,1,19,0,7.32165861129761,23.3411045074463
"s2",20.29,-103.18917,2001,1,20,0,6.00567817687988,22.915979385376
"s2",20.29,-103.18917,2001,1,21,0,6.04488039016724,23.1376876831055
"s2",20.29,-103.18917,2001,1,22,0,5.82485866546631,22.8212795257568
"s2",20.29,-103.18917,2001,1,23,0,6.69669103622437,24.0702610015869
"s2",20.29,-103.18917,2001,1,24,0,7.62910032272339,24.379301071167
"s2",20.29,-103.18917,2001,1,25,0,8.55195713043213,22.4543132781982
"s2",20.29,-103.18917,2001,1,26,0,9.08074760437012,23.7276248931885
"s2",20.29,-103.18917,2001,1,27,0,8.90679740905762,24.6829509735107
"s2",20.29,-103.18917,2001,1,28,0,8.693678855896,24.6173820495605
"s2",20.29,-103.18917,2001,1,29,0,9.46052169799805,24.689136505127
"s2",20.29,-103.18917,2001,1,30,0,9.26772880554199,25.8157901763916
"s2",20.29,-103.18917,2001,1,31,0,9.62920188903809,25.2106628417969
"s2",20.29,-103.18917,2001,2,1,0,10.6690921783447,26.6355686187744
"s2",20.29,-103.18917,2001,2,2,0,10.2490520477295,26.245044708252
"s2",20.29,-103.18917,2001,2,3,0,9.17987823486328,24.5608139038086
"s2",20.29,-103.18917,2001,2,4,0,7.65968942642212,24.2497463226318
"s2",20.29,-103.18917,2001,2,5,0,7.85933351516724,24.3889350891113
"s2",20.29,-103.18917,2001,2,6,0,7.8275351524353,24.6761264801025
"s2",20.29,-103.18917,2001,2,7,0,7.96442890167236,26.0269889831543
"s2",20.29,-103.18917,2001,2,8,0,8.56045913696289,27.2931842803955
"s2",20.29,-103.18917,2001,2,9,0,9.07084560394287,27.0218410491943
"s2",20.29,-103.18917,2001,2,10,0,9.8543004989624,27.0087757110596
"s2",20.29,-103.18917,2001,2,11,0,10.3340826034546,27.7811737060547
"s2",20.29,-103.18917,2001,2,12,0,10.7493686676025,28.4513282775879
"s2",20.29,-103.18917,2001,2,13,0,10.1989908218384,28.1088981628418
"s2",20.29,-103.18917,2001,2,14,0,10.1311016082764,28.5161666870117
"s2",20.29,-103.18917,2001,2,15,0,9.83842945098877,28.5213432312012
"s2",20.29,-103.18917,2001,2,16,0,9.10189533233643,28.5915851593018
"s2",20.29,-103.18917,2001,2,17,0,9.62861347198486,27.6866626739502
"s2",20.29,-103.18917,2001,2,18,0,10.3505392074585,27.9871082305908
"s2",20.29,-103.18917,2001,2,19,0,10.4007844924927,28.4111995697021
"s2",20.29,-103.18917,2001,2,20,0,10.5742340087891,28.9732723236084
"s2",20.29,-103.18917,2001,2,21,0,10.4818897247314,28.5846481323242
"s2",20.29,-103.18917,2001,2,22,0,10.3985433578491,28.8654270172119
"s2",20.29,-103.18917,2001,2,23,0,10.9041910171509,27.1433448791504
"s2",20.29,-103.18917,2001,2,24,0,10.6535968780518,26.5835514068604
"s2",20.29,-103.18917,2001,2,25,0,10.1267747879028,26.9030094146729
"s2",20.29,-103.18917,2001,2,26,0,10.392915725708,26.0338401794434
"s2",20.29,-103.18917,2001,2,27,0,10.6374540328979,26.076343536377
"s2",20.29,-103.18917,2001,2,28,0.00284383026883006,10.1358766555786,26.7351989746094
"s2",20.29,-103.18917,2001,3,1,1.27393698692322,10.310887336731,25.8108921051025
"s2",20.29,-103.18917,2001,3,2,7.1934175491333,10.6418771743774,20.7489452362061
"s2",20.29,-103.18917,2001,3,3,0,6.90465211868286,22.0848579406738
"s2",20.29,-103.18917,2001,3,4,0,6.87413644790649,24.7457160949707
"s2",20.29,-103.18917,2001,3,5,0,7.95530366897583,24.8953590393066
"s2",20.29,-103.18917,2001,3,6,0,9.05984783172607,25.0932521820068
"s2",20.29,-103.18917,2001,3,7,0,9.09463787078857,26.9403743743896
"s2",20.29,-103.18917,2001,3,8,0,9.21750259399414,28.8518009185791
"s2",20.29,-103.18917,2001,3,9,0,8.55160331726074,29.0152969360352
"s2",20.29,-103.18917,2001,3,10,0,9.20053291320801,29.0210189819336
"s2",20.29,-103.18917,2001,3,11,0,8.99621963500977,29.4234428405762
"s2",20.29,-103.18917,2001,3,12,0,9.35119533538818,29.6921730041504
"s2",20.29,-103.18917,2001,3,13,0,10.1657123565674,30.7892513275146
"s2",20.29,-103.18917,2001,3,14,0,10.3525066375732,30.4928722381592
"s2",20.29,-103.18917,2001,3,15,0,11.4035539627075,28.6826934814453
"s2",20.29,-103.18917,2001,3,16,0,11.8310565948486,27.6039257049561
"s2",20.29,-103.18917,2001,3,17,0,10.1327171325684,26.8157176971436
"s2",20.29,-103.18917,2001,3,18,0,8.46670722961426,28.0780792236328
"s2",20.29,-103.18917,2001,3,19,0,8.08148097991943,27.6553516387939
"s2",20.29,-103.18917,2001,3,20,0,9.19266510009766,28.1004962921143
"s2",20.29,-103.18917,2001,3,21,0,9.90245151519775,28.3462982177734
"s2",20.29,-103.18917,2001,3,22,0,10.1704425811768,28.37131690979
"s2",20.29,-103.18917,2001,3,23,0,10.4006614685059,29.4302845001221
"s2",20.29,-103.18917,2001,3,24,0,10.5682401657104,29.7631149291992
"s2",20.29,-103.18917,2001,3,25,0,10.5122842788696,29.4660682678223
"s2",20.29,-103.18917,2001,3,26,0,10.8939943313599,29.8526573181152
"s2",20.29,-103.18917,2001,3,27,0,9.7493839263916,28.7021675109863
"s2",20.29,-103.18917,2001,3,28,0,8.57278728485107,28.4416942596436
"s2",20.29,-103.18917,2001,3,29,0,7.60393095016479,29.1171836853027
"s2",20.29,-103.18917,2001,3,30,0,7.70921754837036,29.8401660919189
"s2",20.29,-103.18917,2001,3,31,0,8.18642807006836,30.4133548736572
"s2",20.29,-103.18917,2001,4,1,0,9.12855339050293,29.9769611358643
"s2",20.29,-103.18917,2001,4,2,0,9.76520442962646,30.4086742401123
"s2",20.29,-103.18917,2001,4,3,0,10.6175622940063,30.2404880523682
"s2",20.29,-103.18917,2001,4,4,0,10.5867748260498,31.8543891906738
"s2",20.29,-103.18917,2001,4,5,0,12.3462409973145,31.829740524292
"s2",20.29,-103.18917,2001,4,6,0,13.1517429351807,32.4688758850098
"s2",20.29,-103.18917,2001,4,7,0,13.0605211257935,32.0565719604492
"s2",20.29,-103.18917,2001,4,8,0,12.62073802948,32.5733413696289
"s2",20.29,-103.18917,2001,4,9,0,12.7793302536011,32.7248687744141
"s2",20.29,-103.18917,2001,4,10,0,12.4863109588623,31.9320983886719
"s2",20.29,-103.18917,2001,4,11,0,12.0267610549927,32.0018692016602
"s2",20.29,-103.18917,2001,4,12,0,12.33571434021,31.5858058929443
"s2",20.29,-103.18917,2001,4,13,0,13.7901754379272,32.6010818481445
"s2",20.29,-103.18917,2001,4,14,0,14.0251111984253,32.9861030578613
"s2",20.29,-103.18917,2001,4,15,0,13.9589366912842,33.6494445800781
"s2",20.29,-103.18917,2001,4,16,0,14.9373941421509,32.7240409851074
"s2",20.29,-103.18917,2001,4,17,0,15.2800893783569,33.468936920166
"s2",20.29,-103.18917,2001,4,18,0,15.4824905395508,32.1864318847656
"s2",20.29,-103.18917,2001,4,19,0,14.1457023620605,31.6807727813721
"s2",20.29,-103.18917,2001,4,20,0,14.6931972503662,32.054759979248
"s2",20.29,-103.18917,2001,4,21,0,14.2011766433716,32.6509895324707
"s2",20.29,-103.18917,2001,4,22,0,14.658522605896,32.2235832214355
"s2",20.29,-103.18917,2001,4,23,0,12.5771636962891,32.5069427490234
"s2",20.29,-103.18917,2001,4,24,0,13.1703996658325,32.6395568847656
"s2",20.29,-103.18917,2001,4,25,0,14.7195892333984,30.8251857757568
"s2",20.29,-103.18917,2001,4,26,0,13.6811647415161,29.3416576385498
"s2",20.29,-103.18917,2001,4,27,0,13.2832174301147,29.7886562347412
"s2",20.29,-103.18917,2001,4,28,0,12.5527868270874,29.7815246582031
"s2",20.29,-103.18917,2001,4,29,0,13.2340755462646,29.8049430847168
"s2",20.29,-103.18917,2001,4,30,0,13.2822465896606,29.5150318145752
"s2",20.29,-103.18917,2001,5,1,0,13.1632795333862,30.5678386688232
"s2",20.29,-103.18917,2001,5,2,0,13.9005823135376,31.718692779541
"s2",20.29,-103.18917,2001,5,3,0,14.9283065795898,30.2646179199219
"s2",20.29,-103.18917,2001,5,4,0,15.646372795105,30.3684139251709
"s2",20.29,-103.18917,2001,5,5,0,14.9585447311401,29.4931240081787
"s2",20.29,-103.18917,2001,5,6,0,14.1814937591553,30.9691638946533
"s2",20.29,-103.18917,2001,5,7,0,14.9413366317749,32.2073211669922
"s2",20.29,-103.18917,2001,5,8,0,14.6053104400635,32.4565505981445
"s2",20.29,-103.18917,2001,5,9,0,14.2941131591797,30.6603031158447
"s2",20.29,-103.18917,2001,5,10,0,14.1064577102661,30.4119243621826
"s2",20.29,-103.18917,2001,5,11,0,14.2496709823608,30.3214263916016
"s2",20.29,-103.18917,2001,5,12,13.2447328567505,13.5441751480103,29.9607467651367
"s2",20.29,-103.18917,2001,5,13,8.93503761291504,13.4889631271362,29.7361965179443
"s2",20.29,-103.18917,2001,5,14,0,13.5085506439209,29.9590167999268
"s2",20.29,-103.18917,2001,5,15,0,14.4697103500366,30.3596992492676
"s2",20.29,-103.18917,2001,5,16,0,15.3372573852539,30.9813060760498
"s2",20.29,-103.18917,2001,5,17,0,16.5575771331787,30.6268253326416
"s2",20.29,-103.18917,2001,5,18,0,14.9817752838135,31.1843719482422
"s2",20.29,-103.18917,2001,5,19,0,15.4188575744629,32.0142936706543
"s2",20.29,-103.18917,2001,5,20,0,15.4756689071655,33.6603164672852
"s2",20.29,-103.18917,2001,5,21,0,15.0873222351074,33.1901359558105
"s2",20.29,-103.18917,2001,5,22,0,15.526927947998,33.1698455810547
"s2",20.29,-103.18917,2001,5,23,0,16.328706741333,32.7696914672852
"s2",20.29,-103.18917,2001,5,24,0,15.9452877044678,31.790433883667
"s2",20.29,-103.18917,2001,5,25,0,15.41321849823,31.920238494873
"s2",20.29,-103.18917,2001,5,26,0,15.7712173461914,32.168285369873
"s2",20.29,-103.18917,2001,5,27,0,15.6230583190918,32.9836006164551
"s2",20.29,-103.18917,2001,5,28,0,15.7254524230957,33.3271141052246
"s2",20.29,-103.18917,2001,5,29,0,15.9541110992432,32.5845146179199
"s2",20.29,-103.18917,2001,5,30,0,16.4537601470947,32.7018127441406
"s2",20.29,-103.18917,2001,5,31,24.9606990814209,16.5478763580322,32.1096115112305
"s2",20.29,-103.18917,2001,6,1,12.7927589416504,14.9496068954468,30.0666370391846
"s2",20.29,-103.18917,2001,6,2,10.3667879104614,14.7909202575684,29.2602062225342
"s2",20.29,-103.18917,2001,6,3,8.51338958740234,15.168586730957,29.727123260498
"s2",20.29,-103.18917,2001,6,4,0,15.4389181137085,29.2364025115967
"s2",20.29,-103.18917,2001,6,5,7.72169256210327,15.7223072052002,29.9515743255615
"s2",20.29,-103.18917,2001,6,6,3.1314959526062,15.425087928772,29.685209274292
"s2",20.29,-103.18917,2001,6,7,0,15.8051300048828,30.455228805542
"s2",20.29,-103.18917,2001,6,8,10.0190658569336,15.9500541687012,29.7684116363525
"s2",20.29,-103.18917,2001,6,9,0,15.9608955383301,27.8043422698975
"s2",20.29,-103.18917,2001,6,10,3.51361489295959,16.4633445739746,27.6201229095459
"s2",20.29,-103.18917,2001,6,11,0,16.5897178649902,29.1761684417725
"s2",20.29,-103.18917,2001,6,12,1.8156281709671,16.3661289215088,28.3973331451416
"s2",20.29,-103.18917,2001,6,13,0,16.2998676300049,29.2515201568604
"s2",20.29,-103.18917,2001,6,14,0,16.6192855834961,29.6334533691406
"s2",20.29,-103.18917,2001,6,15,18.0480480194092,16.9824962615967,28.0178260803223
"s2",20.29,-103.18917,2001,6,16,10.7065505981445,15.2006320953369,26.9271945953369
"s2",20.29,-103.18917,2001,6,17,0,14.5001592636108,26.8303890228271
"s2",20.29,-103.18917,2001,6,18,1.2781457901001,14.2612705230713,27.2256507873535
"s2",20.29,-103.18917,2001,6,19,16.6535549163818,14.916953086853,28.4981727600098
"s2",20.29,-103.18917,2001,6,20,2.83961534500122,14.9832134246826,25.9122123718262
"s2",20.29,-103.18917,2001,6,21,0,14.7991170883179,27.2162570953369
"s2",20.29,-103.18917,2001,6,22,0,14.3775434494019,28.233793258667
"s2",20.29,-103.18917,2001,6,23,0,15.2952737808228,28.7751693725586
"s2",20.29,-103.18917,2001,6,24,0,15.3948240280151,28.661937713623
"s2",20.29,-103.18917,2001,6,25,10.1466732025146,15.5108699798584,29.405101776123
"s2",20.29,-103.18917,2001,6,26,13.1552000045776,14.8513679504395,26.4497604370117
"s2",20.29,-103.18917,2001,6,27,13.4649753570557,14.8480730056763,25.2333030700684
"s2",20.29,-103.18917,2001,6,28,0,14.9462852478027,25.243444442749
"s2",20.29,-103.18917,2001,6,29,0,13.8819522857666,27.5254287719727
"s2",20.29,-103.18917,2001,6,30,7.32488489151001,14.4308481216431,29.1462268829346
"s2",20.29,-103.18917,2001,7,1,16.0710201263428,15.2015838623047,28.6979427337646
"s2",20.29,-103.18917,2001,7,2,0,14.5644855499268,26.4673309326172
"s2",20.29,-103.18917,2001,7,3,12.4740886688232,15.2643146514893,25.9734706878662
"s2",20.29,-103.18917,2001,7,4,15.0550718307495,15.7692346572876,24.1897373199463
"s2",20.29,-103.18917,2001,7,5,7.02801656723022,15.2022943496704,26.4155254364014
"s2",20.29,-103.18917,2001,7,6,5.68525266647339,15.3950958251953,27.4060802459717
"s2",20.29,-103.18917,2001,7,7,9.94961547851562,14.5006771087646,27.0805606842041
"s2",20.29,-103.18917,2001,7,8,1.78056049346924,14.5113620758057,27.6594886779785
"s2",20.29,-103.18917,2001,7,9,15.1393404006958,15.405424118042,26.6877326965332
"s2",20.29,-103.18917,2001,7,10,3.78971290588379,13.9045333862305,27.2212219238281
"s2",20.29,-103.18917,2001,7,11,0,14.7136106491089,27.4504089355469
"s2",20.29,-103.18917,2001,7,12,0.00068313890369609,15.3806867599487,27.3245258331299
"s2",20.29,-103.18917,2001,7,13,18.5067310333252,15.5531053543091,28.0707817077637
"s2",20.29,-103.18917,2001,7,14,4.5308780670166,14.8262367248535,27.8309669494629
"s2",20.29,-103.18917,2001,7,15,0,14.6071643829346,25.9054756164551
"s2",20.29,-103.18917,2001,7,16,0,14.7156744003296,27.6121635437012
"s2",20.29,-103.18917,2001,7,17,20.9978771209717,15.0782518386841,27.2106456756592
"s2",20.29,-103.18917,2001,7,18,0,15.3584280014038,28.0992450714111
"s2",20.29,-103.18917,2001,7,19,12.3241271972656,15.0625610351562,27.805513381958
"s2",20.29,-103.18917,2001,7,20,10.9515867233276,15.0916395187378,26.6719646453857
"s2",20.29,-103.18917,2001,7,21,1.10760545730591,14.6998424530029,26.389440536499
"s2",20.29,-103.18917,2001,7,22,0,14.3612089157104,27.7972736358643
"s2",20.29,-103.18917,2001,7,23,0,14.6335496902466,27.1973075866699
"s2",20.29,-103.18917,2001,7,24,0,15.300745010376,27.9931411743164
"s2",20.29,-103.18917,2001,7,25,4.6700291633606,15.257664680481,27.5683555603027
"s2",20.29,-103.18917,2001,7,26,17.6372661590576,14.9777355194092,26.9500370025635
"s2",20.29,-103.18917,2001,7,27,11.7194061279297,15.2220783233643,25.8097991943359
"s2",20.29,-103.18917,2001,7,28,12.818359375,15.5002546310425,25.4680862426758
"s2",20.29,-103.18917,2001,7,29,0,13.8395318984985,26.8734703063965
"s2",20.29,-103.18917,2001,7,30,3.19251918792725,14.2560663223267,26.8404922485352
"s2",20.29,-103.18917,2001,7,31,13.4982280731201,15.0838928222656,25.8576202392578
"s2",20.29,-103.18917,2001,8,1,0,15.034496307373,26.1171970367432
"s2",20.29,-103.18917,2001,8,2,17.130220413208,14.8738994598389,27.4670524597168
"s2",20.29,-103.18917,2001,8,3,0,14.4968309402466,25.9516944885254
"s2",20.29,-103.18917,2001,8,4,0,13.4278898239136,26.96240234375
"s2",20.29,-103.18917,2001,8,5,9.25078392028809,14.1514368057251,27.9817562103271
"s2",20.29,-103.18917,2001,8,6,0,14.8271341323853,27.5944747924805
"s2",20.29,-103.18917,2001,8,7,1.96660339832306,15.8069286346436,27.0134754180908
"s2",20.29,-103.18917,2001,8,8,1.83235168457031,15.1323699951172,26.2986373901367
"s2",20.29,-103.18917,2001,8,9,21.5541191101074,15.2194795608521,26.7626037597656
"s2",20.29,-103.18917,2001,8,10,11.6883668899536,14.0955429077148,26.5561065673828
"s2",20.29,-103.18917,2001,8,11,0,14.2975120544434,26.4345664978027
"s2",20.29,-103.18917,2001,8,12,7.74385547637939,15.2905540466309,26.5949153900146
"s2",20.29,-103.18917,2001,8,13,9.30315399169922,15.3436145782471,26.3616256713867
"s2",20.29,-103.18917,2001,8,14,7.17501926422119,15.0303001403809,26.7953281402588
"s2",20.29,-103.18917,2001,8,15,0,13.8317184448242,26.9772071838379
"s2",20.29,-103.18917,2001,8,16,0,14.6511125564575,27.4372291564941
"s2",20.29,-103.18917,2001,8,17,0,15.2540445327759,27.7384490966797
"s2",20.29,-103.18917,2001,8,18,0,15.0040321350098,27.7182846069336
"s2",20.29,-103.18917,2001,8,19,0,15.4792003631592,29.1898231506348
"s2",20.29,-103.18917,2001,8,20,0,15.6852674484253,28.5039100646973
"s2",20.29,-103.18917,2001,8,21,4.81194257736206,15.7509775161743,29.0333518981934
"s2",20.29,-103.18917,2001,8,22,0,15.5383129119873,28.2375583648682
"s2",20.29,-103.18917,2001,8,23,0,15.415602684021,28.055269241333
"s2",20.29,-103.18917,2001,8,24,6.34414958953857,15.6975412368774,27.3409404754639
"s2",20.29,-103.18917,2001,8,25,6.87735414505005,15.5201721191406,24.9994010925293
"s2",20.29,-103.18917,2001,8,26,5.79421281814575,16.2602958679199,25.2335529327393
"s2",20.29,-103.18917,2001,8,27,15.554708480835,15.988377571106,24.832160949707
"s2",20.29,-103.18917,2001,8,28,30.6983070373535,15.9055471420288,25.0817279815674
"s2",20.29,-103.18917,2001,8,29,7.63891267776489,15.6731586456299,25.5815563201904
"s2",20.29,-103.18917,2001,8,30,2.1573326587677,15.2309999465942,26.720365524292
"s2",20.29,-103.18917,2001,8,31,7.20283794403076,15.1825723648071,23.9342079162598
"s2",20.29,-103.18917,2001,9,1,0,15.8091230392456,24.1854133605957
"s2",20.29,-103.18917,2001,9,2,0,14.7964706420898,26.4822673797607
"s2",20.29,-103.18917,2001,9,3,0,15.183801651001,26.7799606323242
"s2",20.29,-103.18917,2001,9,4,5.15820169448853,15.5765609741211,27.9946327209473
"s2",20.29,-103.18917,2001,9,5,1.75694966316223,15.5109701156616,27.705545425415
"s2",20.29,-103.18917,2001,9,6,1.55027425289154,15.6068134307861,27.4636116027832
"s2",20.29,-103.18917,2001,9,7,0,15.411018371582,28.0655097961426
"s2",20.29,-103.18917,2001,9,8,1.82054913043976,15.3777379989624,27.1205272674561
"s2",20.29,-103.18917,2001,9,9,17.2730770111084,15.822883605957,26.15989112854
"s2",20.29,-103.18917,2001,9,10,0,15.2152242660522,26.1183643341064
"s2",20.29,-103.18917,2001,9,11,5.02990198135376,15.2475643157959,25.7439918518066
"s2",20.29,-103.18917,2001,9,12,2.92586135864258,15.8857727050781,24.4032306671143
"s2",20.29,-103.18917,2001,9,13,5.43438959121704,14.3632230758667,26.8020114898682
"s2",20.29,-103.18917,2001,9,14,0,14.1177625656128,26.9431400299072
"s2",20.29,-103.18917,2001,9,15,0,14.4641313552856,27.3280048370361
"s2",20.29,-103.18917,2001,9,16,0,14.4001007080078,27.2759017944336
"s2",20.29,-103.18917,2001,9,17,0,14.6534147262573,27.9950637817383
"s2",20.29,-103.18917,2001,9,18,6.59721755981445,15.4656963348389,28.0108814239502
"s2",20.29,-103.18917,2001,9,19,0,15.1907835006714,27.2022724151611
"s2",20.29,-103.18917,2001,9,20,18.2299041748047,15.6732864379883,28.0433387756348
"s2",20.29,-103.18917,2001,9,21,0,15.3967227935791,26.5589008331299
"s2",20.29,-103.18917,2001,9,22,0,14.9928541183472,27.6333866119385
"s2",20.29,-103.18917,2001,9,23,0,15.2357969284058,26.7725448608398
"s2",20.29,-103.18917,2001,9,24,0,15.6940870285034,24.8405685424805
"s2",20.29,-103.18917,2001,9,25,11.8838663101196,15.7011260986328,22.1305484771729
"s2",20.29,-103.18917,2001,9,26,2.35159230232239,14.4468870162964,21.7739734649658
"s2",20.29,-103.18917,2001,9,27,0,14.3167695999146,24.7088603973389
"s2",20.29,-103.18917,2001,9,28,0,14.0064096450806,25.8515567779541
"s2",20.29,-103.18917,2001,9,29,7.7147011756897,14.4867601394653,25.5334854125977
"s2",20.29,-103.18917,2001,9,30,0,14.1644277572632,23.6453609466553
"s2",20.29,-103.18917,2001,10,1,0,12.9502744674683,25.4329147338867
"s2",20.29,-103.18917,2001,10,2,11.7312393188477,13.2349987030029,24.3294658660889
"s2",20.29,-103.18917,2001,10,3,10.1161966323853,13.4658870697021,20.9071254730225
"s2",20.29,-103.18917,2001,10,4,0,14.1394319534302,24.7037372589111
"s2",20.29,-103.18917,2001,10,5,0,12.5896692276001,25.5836448669434
"s2",20.29,-103.18917,2001,10,6,0,12.6096487045288,27.3411121368408
"s2",20.29,-103.18917,2001,10,7,0,13.9103422164917,27.6541519165039
"s2",20.29,-103.18917,2001,10,8,0,13.6422634124756,27.2748470306396
"s2",20.29,-103.18917,2001,10,9,0,14.4814853668213,27.4764728546143
"s2",20.29,-103.18917,2001,10,10,0,14.9772548675537,27.3915023803711
"s2",20.29,-103.18917,2001,10,11,18.7397480010986,15.2621536254883,26.4991455078125
"s2",20.29,-103.18917,2001,10,12,0.394687980413437,15.3133563995361,25.3424739837646
"s2",20.29,-103.18917,2001,10,13,0,14.8689107894897,26.3341274261475
"s2",20.29,-103.18917,2001,10,14,0,13.0181913375854,26.6627025604248
"s2",20.29,-103.18917,2001,10,15,0,12.90110206604,26.6913776397705
"s2",20.29,-103.18917,2001,10,16,0,12.3764476776123,25.4097023010254
"s2",20.29,-103.18917,2001,10,17,0,10.9003639221191,25.7242126464844
"s2",20.29,-103.18917,2001,10,18,0,10.6318635940552,25.8613452911377
"s2",20.29,-103.18917,2001,10,19,0,11.3721933364868,27.5393772125244
"s2",20.29,-103.18917,2001,10,20,0,12.4515838623047,27.3472366333008
"s2",20.29,-103.18917,2001,10,21,0,12.5339879989624,27.5051555633545
"s2",20.29,-103.18917,2001,10,22,0,11.7379369735718,27.5309257507324
"s2",20.29,-103.18917,2001,10,23,0,12.5951538085938,27.4541854858398
"s2",20.29,-103.18917,2001,10,24,0,12.4353618621826,26.9619789123535
"s2",20.29,-103.18917,2001,10,25,0,12.5284328460693,27.8370513916016
"s2",20.29,-103.18917,2001,10,26,0,12.9045686721802,27.0237522125244
"s2",20.29,-103.18917,2001,10,27,0,12.7401885986328,24.9024295806885
"s2",20.29,-103.18917,2001,10,28,0,9.94599628448486,24.7624778747559
"s2",20.29,-103.18917,2001,10,29,0,9.37380218505859,24.5286922454834
"s2",20.29,-103.18917,2001,10,30,0,7.82779121398926,22.8310012817383
"s2",20.29,-103.18917,2001,10,31,0,7.4047794342041,23.2831020355225
"s2",20.29,-103.18917,2001,11,1,0,7.90655660629272,24.7705707550049
"s2",20.29,-103.18917,2001,11,2,0,8.92036056518555,25.9204883575439
"s2",20.29,-103.18917,2001,11,3,0,9.92881011962891,25.7189693450928
"s2",20.29,-103.18917,2001,11,4,0,9.2097749710083,25.1233310699463
"s2",20.29,-103.18917,2001,11,5,0,9.26439476013184,24.568639755249
"s2",20.29,-103.18917,2001,11,6,0,8.73952198028564,24.4163188934326
"s2",20.29,-103.18917,2001,11,7,0,9.0365047454834,25.3772430419922
"s2",20.29,-103.18917,2001,11,8,0,8.67658519744873,25.0749778747559
"s2",20.29,-103.18917,2001,11,9,0,8.20838451385498,24.3409862518311
"s2",20.29,-103.18917,2001,11,10,0,8.23381233215332,24.3425064086914
"s2",20.29,-103.18917,2001,11,11,0,8.49160671234131,24.4245586395264
"s2",20.29,-103.18917,2001,11,12,0,8.51496887207031,24.8937664031982
"s2",20.29,-103.18917,2001,11,13,0,9.04101276397705,25.0841503143311
"s2",20.29,-103.18917,2001,11,14,0,9.45296478271484,25.0909690856934
"s2",20.29,-103.18917,2001,11,15,0,9.48602390289307,24.8022212982178
"s2",20.29,-103.18917,2001,11,16,0,9.56009769439697,25.2238464355469
"s2",20.29,-103.18917,2001,11,17,0,10.2269811630249,24.9839744567871
"s2",20.29,-103.18917,2001,11,18,0,10.1114110946655,24.323709487915
"s2",20.29,-103.18917,2001,11,19,0,9.65860271453857,25.0913848876953
"s2",20.29,-103.18917,2001,11,20,0,9.69001293182373,24.7585716247559
"s2",20.29,-103.18917,2001,11,21,0,10.5570278167725,25.2440299987793
"s2",20.29,-103.18917,2001,11,22,0,8.79321479797363,24.383716583252
"s2",20.29,-103.18917,2001,11,23,0,8.07401561737061,24.8787117004395
"s2",20.29,-103.18917,2001,11,24,0,7.04127550125122,24.7109375
"s2",20.29,-103.18917,2001,11,25,0,6.49570226669312,25.6575469970703
"s2",20.29,-103.18917,2001,11,26,0,7.1514368057251,25.4677772521973
"s2",20.29,-103.18917,2001,11,27,0,7.50035905838013,25.0816307067871
"s2",20.29,-103.18917,2001,11,28,0,8.37104225158691,24.7423477172852
"s2",20.29,-103.18917,2001,11,29,0,7.21697664260864,24.8574047088623
"s2",20.29,-103.18917,2001,11,30,0,6.15877437591553,24.655704498291
"s2",20.29,-103.18917,2001,12,1,0,6.996009349823,25.2428817749023
"s2",20.29,-103.18917,2001,12,2,0,7.90296745300293,25.5093517303467
"s2",20.29,-103.18917,2001,12,3,0,8.36401176452637,25.0108337402344
"s2",20.29,-103.18917,2001,12,4,0,9.05004692077637,24.266429901123
"s2",20.29,-103.18917,2001,12,5,0,9.82018089294434,24.0934925079346
"s2",20.29,-103.18917,2001,12,6,0,9.25184440612793,23.9599514007568
"s2",20.29,-103.18917,2001,12,7,0,8.35696792602539,23.5785121917725
"s2",20.29,-103.18917,2001,12,8,0,8.40523815155029,24.2301025390625
"s2",20.29,-103.18917,2001,12,9,0,9.10208606719971,23.8707389831543
"s2",20.29,-103.18917,2001,12,10,0,9.27900409698486,23.4864616394043
"s2",20.29,-103.18917,2001,12,11,0,9.96673011779785,22.9133853912354
"s2",20.29,-103.18917,2001,12,12,0,10.0319671630859,23.3148708343506
"s2",20.29,-103.18917,2001,12,13,0,10.3731737136841,24.3854293823242
"s2",20.29,-103.18917,2001,12,14,0,9.19324493408203,24.2896289825439
"s2",20.29,-103.18917,2001,12,15,0,9.69003009796143,23.4024524688721
"s2",20.29,-103.18917,2001,12,16,0,9.66147899627686,24.2478542327881
"s2",20.29,-103.18917,2001,12,17,0,9.70311164855957,25.0203113555908
"s2",20.29,-103.18917,2001,12,18,0,9.77773857116699,25.9788036346436
"s2",20.29,-103.18917,2001,12,19,0,9.98841571807861,24.8194770812988
"s2",20.29,-103.18917,2001,12,20,0,9.650071144104,23.2797889709473
"s2",20.29,-103.18917,2001,12,21,0,9.49380970001221,24.7230224609375
"s2",20.29,-103.18917,2001,12,22,0,9.22242641448975,24.9215145111084
"s2",20.29,-103.18917,2001,12,23,0,9.20157051086426,24.7636470794678
"s2",20.29,-103.18917,2001,12,24,0,9.47870254516602,24.0979518890381
"s2",20.29,-103.18917,2001,12,25,0,7.80410432815552,24.0750827789307
"s2",20.29,-103.18917,2001,12,26,0,6.61311626434326,23.825611114502
"s2",20.29,-103.18917,2001,12,27,0,6.87652921676636,20.5426330566406
"s2",20.29,-103.18917,2001,12,28,0,5.11077785491943,20.6905860900879
"s2",20.29,-103.18917,2001,12,29,0,4.96529245376587,22.4077854156494
"s2",20.29,-103.18917,2001,12,30,0,5.17470598220825,23.0167179107666
"s2",20.29,-103.18917,2001,12,31,0,5.61271905899048,23.5200328826904
