"","site_name","calendar_date","ndvi"
"1","ws1","2001-01-01",0.8262
"2","ws1","2001-01-17",0.8251
"3","ws1","2001-02-02",0.764
"4","ws1","2001-02-18",0.7894
"5","ws1","2001-03-06",0.7967
"6","ws1","2001-03-22",0.8041
"7","ws1","2001-04-07",0.7679
"8","ws1","2001-04-23",0.7768
"9","ws1","2001-05-09",0.7476
"10","ws1","2001-05-25",0.7691
"11","ws1","2001-06-10",0.0498
"12","ws1","2001-06-26",0.494
"13","ws1","2001-07-12",0.8378
"14","ws1","2001-07-28",0.5369
"15","ws1","2001-08-13",0.7905
"16","ws1","2001-08-29",0.8096
"17","ws1","2001-09-14",0.8123
"18","ws1","2001-09-30",0.8353
"19","ws1","2001-10-16",0.8376
"20","ws1","2001-11-01",0.8338
"21","ws1","2001-11-17",0.8185
"22","ws1","2001-12-03",0.8271
"23","ws1","2001-12-19",0.8203
"24","ws1","2002-01-01",0.856
"25","ws1","2002-01-17",0.8041
"26","ws1","2002-02-02",0.8134
"27","ws1","2002-02-18",0.8238
"28","ws1","2002-03-06",0.791
"29","ws1","2002-03-22",0.7866
"30","ws1","2002-04-07",0.8281
"31","ws1","2002-04-23",0.7787
"32","ws1","2002-05-09",0.7952
"33","ws1","2002-05-25",0.8108
"34","ws1","2002-06-10",0.8204
"35","ws1","2002-06-26",0.328
"36","ws1","2002-07-12",0.7969
"37","ws1","2002-07-28",0.8256
"38","ws1","2002-08-13",0.7939
"39","ws1","2002-08-29",0.6824
"40","ws1","2002-09-14",0.8277
"41","ws1","2002-09-30",0.914
"42","ws1","2002-10-16",0.6312
"43","ws1","2002-11-01",0.8169
"44","ws1","2002-11-17",0.8389
"45","ws1","2002-12-03",0.8315
"46","ws1","2002-12-19",0.8491
"47","ws1","2003-01-01",0.8155
"48","ws1","2003-01-17",0.7867
"49","ws1","2003-02-02",0.8181
"50","ws1","2003-02-18",0.8196
"51","ws1","2003-03-06",0.7864
"52","ws1","2003-03-22",0.7333
"53","ws1","2003-04-07",0.755
"54","ws1","2003-04-23",0.7914
"55","ws1","2003-05-09",0.7607
"56","ws1","2003-05-25",0.787
"57","ws1","2003-06-10",0.716
"58","ws1","2003-06-26",0.763
"59","ws1","2003-07-12",0.7817
"60","ws1","2003-07-28",0.8918
"61","ws1","2003-08-13",0.7933
"62","ws1","2003-08-29",0.5723
"63","ws1","2003-09-14",0.3327
"64","ws1","2003-09-30",0.0482
"65","ws1","2003-10-16",0.732
"66","ws1","2003-11-01",0.8026
"67","ws1","2003-11-17",0.8218
"68","ws1","2003-12-03",0.8223
"69","ws1","2003-12-19",0.7593
"70","ws1","2004-01-01",0.7593
"71","ws1","2004-01-17",0.7517
"72","ws1","2004-02-02",0.7826
"73","ws1","2004-02-18",0.7766
"74","ws1","2004-03-05",0.7445
"75","ws1","2004-03-21",0.7665
"76","ws1","2004-04-06",0.745
"77","ws1","2004-04-22",0.736
"78","ws1","2004-05-08",0.788
"79","ws1","2004-05-24",0.7818
"80","ws1","2004-06-09",0.822
"81","ws1","2004-06-25",0.9792
"82","ws1","2004-07-11",0.8114
"83","ws1","2004-07-27",0.8285
"84","ws1","2004-08-12",0.8366
"85","ws1","2004-08-28",0.1505
"86","ws1","2004-09-13",0.2986
"87","ws1","2004-09-29",0.1422
"88","ws1","2004-10-15",0.8659
"89","ws1","2004-10-31",0.8346
"90","ws1","2004-11-16",0.8244
"91","ws1","2004-12-02",0.842
"92","ws1","2004-12-18",0.8287
"93","ws1","2005-01-01",0.819
"94","ws1","2005-01-17",0.808
"95","ws1","2005-02-02",0.7939
"96","ws1","2005-02-18",0.8098
"97","ws1","2005-03-06",0.8181
"98","ws1","2005-03-22",0.7848
"99","ws1","2005-04-07",0.7742
"100","ws1","2005-04-23",0.7881
"101","ws1","2005-05-09",0.745
"102","ws1","2005-05-25",0.6593
"103","ws1","2005-06-10",0.7756
"104","ws1","2005-06-26",0.6113
"105","ws1","2005-07-12",0.6948
"106","ws1","2005-07-28",0.8097
"107","ws1","2005-08-13",0.7997
"108","ws1","2005-08-29",0.8585
"109","ws1","2005-09-14",0.8242
"110","ws1","2005-09-30",0.8263
"111","ws1","2005-10-16",0.8363
"112","ws1","2005-11-01",0.8364
"113","ws1","2005-11-17",0.8442
"114","ws1","2005-12-03",0.8373
"115","ws1","2005-12-19",0.822
"116","ws1","2006-01-01",0.7959
"117","ws1","2006-01-17",0.8007
"118","ws1","2006-02-02",0.8206
"119","ws1","2006-02-18",0.8103
"120","ws1","2006-03-06",0.7937
"121","ws1","2006-03-22",0.7602
"122","ws1","2006-04-07",0.7303
"123","ws1","2006-04-23",0.7712
"124","ws1","2006-05-09",0.8558
"125","ws1","2006-05-25",0.8061
"126","ws1","2006-06-10",0.8017
"127","ws1","2006-06-26",0.7731
"128","ws1","2006-07-12",0.8227
"129","ws1","2006-07-28",0.7052
"130","ws1","2006-08-13",0.8817
"131","ws1","2006-08-29",0.791
"132","ws1","2006-09-14",0.8704
"133","ws1","2006-09-30",0.8031
"134","ws1","2006-10-16",0.8482
"135","ws1","2006-11-01",0.8475
"136","ws1","2006-11-17",0.8369
"137","ws1","2006-12-03",0.7452
"138","ws1","2006-12-19",0.826
"139","ws1","2007-01-01",0.7912
"140","ws1","2007-01-17",0.7864
"141","ws1","2007-02-02",0.7897
"142","ws1","2007-02-18",0.7896
"143","ws1","2007-03-06",0.7875
"144","ws1","2007-03-22",0.5676
"145","ws1","2007-04-07",0.761
"146","ws1","2007-04-23",0.7713
"147","ws1","2007-05-09",0.3153
"148","ws1","2007-05-25",0.7965
"149","ws1","2007-06-10",0.7504
"150","ws1","2007-06-26",0.829
"151","ws1","2007-07-12",0.9095
"152","ws1","2007-07-28",0.8254
"153","ws1","2007-08-13",0.7634
"154","ws1","2007-08-29",0.469
"155","ws1","2007-09-14",0.8392
"156","ws1","2007-09-30",0.7812
"157","ws1","2007-10-16",0.8394
"158","ws1","2007-11-01",0.8327
"159","ws1","2007-11-17",0.8334
"160","ws1","2007-12-03",0.8473
"161","ws1","2007-12-19",0.818
"162","ws1","2008-01-01",0.8317
"163","ws1","2008-01-17",0.8137
"164","ws1","2008-02-02",0.8256
"165","ws1","2008-02-18",0.7876
"166","ws1","2008-03-05",0.8207
"167","ws1","2008-03-21",0.7203
"168","ws1","2008-04-06",0.7632
"169","ws1","2008-04-22",0.7708
"170","ws1","2008-05-08",0.7409
"171","ws1","2008-05-24",0.7937
"172","ws1","2008-06-09",0.7745
"173","ws1","2008-06-25",0.5738
"174","ws1","2008-07-11",0.7929
"175","ws1","2008-07-27",0.8407
"176","ws1","2008-08-12",0.4173
"177","ws1","2008-08-28",0.69
"178","ws1","2008-09-13",0.1562
"179","ws1","2008-09-29",0.8702
"180","ws1","2008-10-15",0.8248
"181","ws1","2008-10-31",0.8328
"182","ws1","2008-11-16",0.798
"183","ws1","2008-12-02",0.7994
"184","ws1","2008-12-18",0.7445
"185","ws1","2009-01-01",0.805
"186","ws1","2009-01-17",0.7955
"187","ws1","2009-02-02",0.8226
"188","ws1","2009-02-18",0.8225
"189","ws1","2009-03-06",0.7343
"190","ws1","2009-03-22",0.7798
"191","ws1","2009-04-07",0.7647
"192","ws1","2009-04-23",0.7634
"193","ws1","2009-05-09",0.7161
"194","ws1","2009-05-25",0.7484
"195","ws1","2009-06-10",0.7386
"196","ws1","2009-06-26",0.3916
"197","ws1","2009-07-12",0.8122
"198","ws1","2009-07-28",0.8218
"199","ws1","2009-08-13",0.7912
"200","ws1","2009-08-29",0.8019
"201","ws1","2009-09-14",0.8468
"202","ws1","2009-09-30",0.8326
"203","ws1","2009-10-16",0.1033
"204","ws1","2009-11-01",0.8432
"205","ws1","2009-11-17",0.789
"206","ws1","2009-12-03",0.8453
"207","ws1","2009-12-19",0.8278
"208","ws1","2010-01-01",0.8139
"209","ws1","2010-01-17",0.8494
"210","ws1","2010-02-02",0.8162
"211","ws1","2010-02-18",0.7925
"212","ws1","2010-03-06",0.8007
"213","ws1","2010-03-22",0.7397
"214","ws1","2010-04-07",0.7949
"215","ws1","2010-04-23",0.7145
"216","ws1","2010-05-09",0.7704
"217","ws1","2010-05-25",0.7991
"218","ws1","2010-06-10",0.6503
"219","ws1","2010-06-26",0.7744
"220","ws1","2010-07-12",0.2124
"221","ws1","2010-07-28",0.8323
"222","ws1","2010-08-13",0.8535
"223","ws1","2010-08-29",0.6397
"224","ws1","2010-09-14",0.8218
"225","ws1","2010-09-30",0.8344
"226","ws1","2010-10-16",0.8505
"227","ws1","2010-11-01",0.8208
"228","ws1","2010-11-17",0.8179
"229","ws1","2010-12-03",0.7885
"230","ws1","2010-12-19",0.7897
"231","ws1","2011-01-01",0.7992
"232","ws1","2011-01-17",0.7911
"233","ws1","2011-02-02",0.7906
"234","ws1","2011-02-18",0.7699
"235","ws1","2011-03-06",0.7784
"236","ws1","2011-03-22",0.7879
"237","ws1","2011-04-07",0.7485
"238","ws1","2011-04-23",0.7482
"239","ws1","2011-05-09",0.8582
"240","ws1","2011-05-25",0.7883
"241","ws1","2011-06-10",0.7565
"242","ws1","2011-06-26",0.8302
"243","ws1","2011-07-12",0.6493
"244","ws1","2011-07-28",0.7336
"245","ws1","2011-08-13",0.8616
"246","ws1","2011-08-29",0.8411
"247","ws1","2011-09-14",0.8241
"248","ws1","2011-09-30",0.8308
"249","ws1","2011-10-16",0.8245
"250","ws1","2011-11-01",0.8288
"251","ws1","2011-11-17",0.8181
"252","ws1","2011-12-03",0.8046
"253","ws1","2011-12-19",0.7857
"254","ws1","2012-01-01",0.8279
"255","ws1","2012-01-17",0.8047
"256","ws1","2012-02-02",0.8109
"257","ws1","2012-02-18",0.8518
"258","ws1","2012-03-05",0.7887
"259","ws1","2012-03-21",0.8094
"260","ws1","2012-04-06",0.7526
"261","ws1","2012-04-22",0.73
"262","ws1","2012-05-08",0.8096
"263","ws1","2012-05-24",0.8011
"264","ws1","2012-06-09",0.7615
"265","ws1","2012-06-25",0.7839
"266","ws1","2012-07-11",0.5821
"267","ws1","2012-07-27",0.8273
"268","ws1","2012-08-12",0.8086
"269","ws1","2012-08-28",0.8039
"270","ws1","2012-09-13",0.3858
"271","ws1","2012-09-29",0.8631
"272","ws1","2012-10-15",0.832
"273","ws1","2012-10-31",0.8158
"274","ws1","2012-11-16",0.8376
"275","ws1","2012-12-02",0.824
"276","ws1","2012-12-18",0.8064
"277","ws2","2001-01-01",0.1917
"278","ws2","2001-01-17",0.1959
"279","ws2","2001-02-02",0.2006
"280","ws2","2001-02-18",0.1972
"281","ws2","2001-03-06",0.1864
"282","ws2","2001-03-22",0.1932
"283","ws2","2001-04-07",0.1931
"284","ws2","2001-04-23",0.2507
"285","ws2","2001-05-09",0.2534
"286","ws2","2001-05-25",0.2237
"287","ws2","2001-06-10",0.2535
"288","ws2","2001-06-26",0.3744
"289","ws2","2001-07-12",0.4535
"290","ws2","2001-07-28",0.4247
"291","ws2","2001-08-13",0.2897
"292","ws2","2001-08-29",0.4255
"293","ws2","2001-09-14",0.3712
"294","ws2","2001-09-30",0.2344
"295","ws2","2001-10-16",0.2385
"296","ws2","2001-11-01",0.2588
"297","ws2","2001-11-17",0.1983
"298","ws2","2001-12-03",0.2244
"299","ws2","2001-12-19",0.2172
"300","ws2","2002-01-01",0.189
"301","ws2","2002-01-17",0.201
"302","ws2","2002-02-02",0.1864
"303","ws2","2002-02-18",0.1993
"304","ws2","2002-03-06",0.2186
"305","ws2","2002-03-22",0.2065
"306","ws2","2002-04-07",0.3038
"307","ws2","2002-04-23",0.2205
"308","ws2","2002-05-09",0.258
"309","ws2","2002-05-25",0.2564
"310","ws2","2002-06-10",0.3057
"311","ws2","2002-06-26",0.2264
"312","ws2","2002-07-12",0.3771
"313","ws2","2002-07-28",0.3284
"314","ws2","2002-08-13",0.3116
"315","ws2","2002-08-29",0.4468
"316","ws2","2002-09-14",0.4152
"317","ws2","2002-09-30",0.2751
"318","ws2","2002-10-16",0.265
"319","ws2","2002-11-01",0.2225
"320","ws2","2002-11-17",0.2697
"321","ws2","2002-12-03",0.2157
"322","ws2","2002-12-19",0.2283
"323","ws2","2003-01-01",0.2054
"324","ws2","2003-01-17",0.2328
"325","ws2","2003-02-02",0.1991
"326","ws2","2003-02-18",0.2101
"327","ws2","2003-03-06",0.287
"328","ws2","2003-03-22",0.2282
"329","ws2","2003-04-07",0.2358
"330","ws2","2003-04-23",0.2265
"331","ws2","2003-05-09",0.2349
"332","ws2","2003-05-25",0.2175
"333","ws2","2003-06-10",0.253
"334","ws2","2003-06-26",0.235
"335","ws2","2003-07-12",0.294
"336","ws2","2003-07-28",0.3637
"337","ws2","2003-08-13",0.401
"338","ws2","2003-08-29",0.3013
"339","ws2","2003-09-14",0.244
"340","ws2","2003-09-30",0.2759
"341","ws2","2003-10-16",0.2384
"342","ws2","2003-11-01",0.2168
"343","ws2","2003-11-17",0.2293
"344","ws2","2003-12-03",0.2373
"345","ws2","2003-12-19",0.196
"346","ws2","2004-01-01",0.2552
"347","ws2","2004-01-17",0.1814
"348","ws2","2004-02-02",0.2577
"349","ws2","2004-02-18",0.1837
"350","ws2","2004-03-05",0.2017
"351","ws2","2004-03-21",0.2016
"352","ws2","2004-04-06",0.2707
"353","ws2","2004-04-22",0.2365
"354","ws2","2004-05-08",0.3931
"355","ws2","2004-05-24",0.2278
"356","ws2","2004-06-09",0.2507
"357","ws2","2004-06-25",0.3669
"358","ws2","2004-07-11",0.319
"359","ws2","2004-07-27",0.3222
"360","ws2","2004-08-12",0.2627
"361","ws2","2004-08-28",0.3708
"362","ws2","2004-09-13",0.4166
"363","ws2","2004-09-29",0.2603
"364","ws2","2004-10-15",0.2322
"365","ws2","2004-10-31",0.2154
"366","ws2","2004-11-16",0.2215
"367","ws2","2004-12-02",0.1957
"368","ws2","2004-12-18",0.228
"369","ws2","2005-01-01",0.2952
"370","ws2","2005-01-17",0.2623
"371","ws2","2005-02-02",0.2143
"372","ws2","2005-02-18",0.2311
"373","ws2","2005-03-06",0.2028
"374","ws2","2005-03-22",0.1925
"375","ws2","2005-04-07",0.2511
"376","ws2","2005-04-23",0.2623
"377","ws2","2005-05-09",0.2308
"378","ws2","2005-05-25",0.2397
"379","ws2","2005-06-10",0.2572
"380","ws2","2005-06-26",0.2681
"381","ws2","2005-07-12",0.3417
"382","ws2","2005-07-28",0.2824
"383","ws2","2005-08-13",0.3917
"384","ws2","2005-08-29",0.2865
"385","ws2","2005-09-14",0.4057
"386","ws2","2005-09-30",0.2536
"387","ws2","2005-10-16",0.2567
"388","ws2","2005-11-01",0.2121
"389","ws2","2005-11-17",0.2451
"390","ws2","2005-12-03",0.1896
"391","ws2","2005-12-19",0.198
"392","ws2","2006-01-01",0.2529
"393","ws2","2006-01-17",0.1854
"394","ws2","2006-02-02",0.2746
"395","ws2","2006-02-18",0.1883
"396","ws2","2006-03-06",0.1838
"397","ws2","2006-03-22",0.2905
"398","ws2","2006-04-07",0.2627
"399","ws2","2006-04-23",0.2305
"400","ws2","2006-05-09",0.2713
"401","ws2","2006-05-25",0.2062
"402","ws2","2006-06-10",0.3104
"403","ws2","2006-06-26",0.3871
"404","ws2","2006-07-12",0.3929
"405","ws2","2006-07-28",0.2637
"406","ws2","2006-08-13",0.2842
"407","ws2","2006-08-29",0.2606
"408","ws2","2006-09-14",0.2278
"409","ws2","2006-09-30",0.2377
"410","ws2","2006-10-16",0.3406
"411","ws2","2006-11-01",0.3365
"412","ws2","2006-11-17",0.2126
"413","ws2","2006-12-03",0.2282
"414","ws2","2006-12-19",0.2194
"415","ws2","2007-01-01",0.23
"416","ws2","2007-01-17",0.2371
"417","ws2","2007-02-02",0.202
"418","ws2","2007-02-18",0.217
"419","ws2","2007-03-06",0.2532
"420","ws2","2007-03-22",0.23
"421","ws2","2007-04-07",0.1984
"422","ws2","2007-04-23",0.3191
"423","ws2","2007-05-09",0.2321
"424","ws2","2007-05-25",0.2561
"425","ws2","2007-06-10",0.3809
"426","ws2","2007-06-26",0.2928
"427","ws2","2007-07-12",0.2846
"428","ws2","2007-07-28",0.4183
"429","ws2","2007-08-13",0.3442
"430","ws2","2007-08-29",0.4004
"431","ws2","2007-09-14",0.2707
"432","ws2","2007-09-30",0.2352
"433","ws2","2007-10-16",0.2439
"434","ws2","2007-11-01",0.2131
"435","ws2","2007-11-17",0.1873
"436","ws2","2007-12-03",0.1885
"437","ws2","2007-12-19",0.2027
"438","ws2","2008-01-01",0.1847
"439","ws2","2008-01-17",0.208
"440","ws2","2008-02-02",0.1912
"441","ws2","2008-02-18",0.2075
"442","ws2","2008-03-05",0.181
"443","ws2","2008-03-21",0.1964
"444","ws2","2008-04-06",0.2197
"445","ws2","2008-04-22",0.2116
"446","ws2","2008-05-08",0.2107
"447","ws2","2008-05-24",0.2303
"448","ws2","2008-06-09",0.2545
"449","ws2","2008-06-25",0.2328
"450","ws2","2008-07-11",0.242
"451","ws2","2008-07-27",0.3722
"452","ws2","2008-08-12",0.399
"453","ws2","2008-08-28",0.3688
"454","ws2","2008-09-13",0.3538
"455","ws2","2008-09-29",0.4385
"456","ws2","2008-10-15",0.2486
"457","ws2","2008-10-31",0.2514
"458","ws2","2008-11-16",0.2168
"459","ws2","2008-12-02",0.1973
"460","ws2","2008-12-18",0.1925
"461","ws2","2009-01-01",0.1996
"462","ws2","2009-01-17",0.1935
"463","ws2","2009-02-02",0.1784
"464","ws2","2009-02-18",0.1971
"465","ws2","2009-03-06",0.2234
"466","ws2","2009-03-22",0.2525
"467","ws2","2009-04-07",0.2646
"468","ws2","2009-04-23",0.2037
"469","ws2","2009-05-09",0.2314
"470","ws2","2009-05-25",0.2166
"471","ws2","2009-06-10",0.2577
"472","ws2","2009-06-26",0.2936
"473","ws2","2009-07-12",0.3384
"474","ws2","2009-07-28",0.4776
"475","ws2","2009-08-13",0.2387
"476","ws2","2009-08-29",0.2493
"477","ws2","2009-09-14",0.2679
"478","ws2","2009-09-30",0.287
"479","ws2","2009-10-16",0.3116
"480","ws2","2009-11-01",0.2332
"481","ws2","2009-11-17",0.1895
"482","ws2","2009-12-03",0.3018
"483","ws2","2009-12-19",0.1947
"484","ws2","2010-01-01",0.2037
"485","ws2","2010-01-17",0.2127
"486","ws2","2010-02-02",0.1982
"487","ws2","2010-02-18",0.1946
"488","ws2","2010-03-06",0.2708
"489","ws2","2010-03-22",0.2428
"490","ws2","2010-04-07",0.2335
"491","ws2","2010-04-23",0.2064
"492","ws2","2010-05-09",0.2679
"493","ws2","2010-05-25",0.227
"494","ws2","2010-06-10",0.2535
"495","ws2","2010-06-26",0.2155
"496","ws2","2010-07-12",0.295
"497","ws2","2010-07-28",0.3098
"498","ws2","2010-08-13",0.4196
"499","ws2","2010-08-29",0.2126
"500","ws2","2010-09-14",0.2347
"501","ws2","2010-09-30",0.263
"502","ws2","2010-10-16",0.2192
"503","ws2","2010-11-01",0.2575
"504","ws2","2010-11-17",0.2605
"505","ws2","2010-12-03",0.2053
"506","ws2","2010-12-19",0.1918
"507","ws2","2011-01-01",0.1991
"508","ws2","2011-01-17",0.184
"509","ws2","2011-02-02",0.2048
"510","ws2","2011-02-18",0.2153
"511","ws2","2011-03-06",0.1749
"512","ws2","2011-03-22",0.1922
"513","ws2","2011-04-07",0.3006
"514","ws2","2011-04-23",0.2079
"515","ws2","2011-05-09",0.3002
"516","ws2","2011-05-25",0.3125
"517","ws2","2011-06-10",0.2504
"518","ws2","2011-06-26",0.2827
"519","ws2","2011-07-12",0.3674
"520","ws2","2011-07-28",0.237
"521","ws2","2011-08-13",0.2627
"522","ws2","2011-08-29",0.3593
"523","ws2","2011-09-14",0.2852
"524","ws2","2011-09-30",0.2907
"525","ws2","2011-10-16",0.219
"526","ws2","2011-11-01",0.2401
"527","ws2","2011-11-17",0.2179
"528","ws2","2011-12-03",0.2215
"529","ws2","2011-12-19",0.2057
"530","ws2","2012-01-01",0.1893
"531","ws2","2012-01-17",0.2019
"532","ws2","2012-02-02",0.1865
"533","ws2","2012-02-18",0.2703
"534","ws2","2012-03-05",0.2443
"535","ws2","2012-03-21",0.2386
"536","ws2","2012-04-06",0.2268
"537","ws2","2012-04-22",0.2241
"538","ws2","2012-05-08",0.2346
"539","ws2","2012-05-24",0.3104
"540","ws2","2012-06-09",0.2329
"541","ws2","2012-06-25",0.2224
"542","ws2","2012-07-11",0.1817
"543","ws2","2012-07-27",0.3346
"544","ws2","2012-08-12",0.322
"545","ws2","2012-08-28",0.2428
"546","ws2","2012-09-13",0.41
"547","ws2","2012-09-29",0.2684
"548","ws2","2012-10-15",0.2588
"549","ws2","2012-10-31",0.2042
"550","ws2","2012-11-16",0.2588
"551","ws2","2012-12-02",0.1648
"552","ws2","2012-12-18",0.2047
"553","ws3","2001-01-01",0.8257
"554","ws3","2001-01-17",0.8262
"555","ws3","2001-02-02",0.8315
"556","ws3","2001-02-18",0.769
"557","ws3","2001-03-06",0.7761
"558","ws3","2001-03-22",0.8298
"559","ws3","2001-04-07",0.7527
"560","ws3","2001-04-23",0.7187
"561","ws3","2001-05-09",0.8845
"562","ws3","2001-05-25",0.7341
"563","ws3","2001-06-10",0.3995
"564","ws3","2001-06-26",0.5991
"565","ws3","2001-07-12",0.7248
"566","ws3","2001-07-28",0.8911
"567","ws3","2001-08-13",0.7529
"568","ws3","2001-08-29",0.1137
"569","ws3","2001-09-14",0.856
"570","ws3","2001-09-30",0.8998
"571","ws3","2001-10-16",0.8462
"572","ws3","2001-11-01",0.8027
"573","ws3","2001-11-17",0.8678
"574","ws3","2001-12-03",0.8384
"575","ws3","2001-12-19",0.8273
"576","ws3","2002-01-01",0.825
"577","ws3","2002-01-17",0.8518
"578","ws3","2002-02-02",0.8208
"579","ws3","2002-02-18",0.7928
"580","ws3","2002-03-06",0.8143
"581","ws3","2002-03-22",0.7354
"582","ws3","2002-04-07",0.7129
"583","ws3","2002-04-23",0.776
"584","ws3","2002-05-09",0.768
"585","ws3","2002-05-25",0.8318
"586","ws3","2002-06-10",0.744
"587","ws3","2002-06-26",0.3077
"588","ws3","2002-07-12",0.8522
"589","ws3","2002-07-28",0.8339
"590","ws3","2002-08-13",0.8252
"591","ws3","2002-08-29",0.4776
"592","ws3","2002-09-14",0.86
"593","ws3","2002-09-30",0.6893
"594","ws3","2002-10-16",0.8467
"595","ws3","2002-11-01",0.7901
"596","ws3","2002-11-17",0.8366
"597","ws3","2002-12-03",0.8477
"598","ws3","2002-12-19",0.8384
"599","ws3","2003-01-01",0.856
"600","ws3","2003-01-17",0.7571
"601","ws3","2003-02-02",0.7973
"602","ws3","2003-02-18",0.8148
"603","ws3","2003-03-06",0.8165
"604","ws3","2003-03-22",0.79
"605","ws3","2003-04-07",0.7523
"606","ws3","2003-04-23",0.7585
"607","ws3","2003-05-09",0.7951
"608","ws3","2003-05-25",0.7272
"609","ws3","2003-06-10",0.4133
"610","ws3","2003-06-26",0.7904
"611","ws3","2003-07-12",0.8737
"612","ws3","2003-07-28",0.5181
"613","ws3","2003-08-13",0.3765
"614","ws3","2003-08-29",0.7054
"615","ws3","2003-09-14",0.2736
"616","ws3","2003-09-30",0.3265
"617","ws3","2003-10-16",0.8311
"618","ws3","2003-11-01",0.8612
"619","ws3","2003-11-17",0.8193
"620","ws3","2003-12-03",0.8427
"621","ws3","2003-12-19",0.8355
"622","ws3","2004-01-01",0.8658
"623","ws3","2004-01-17",0.811
"624","ws3","2004-02-02",0.8274
"625","ws3","2004-02-18",0.7768
"626","ws3","2004-03-05",0.7857
"627","ws3","2004-03-21",0.7839
"628","ws3","2004-04-06",0.803
"629","ws3","2004-04-22",0.7662
"630","ws3","2004-05-08",0.837
"631","ws3","2004-05-24",0.2658
"632","ws3","2004-06-09",0.6261
"633","ws3","2004-06-25",0.8097
"634","ws3","2004-07-11",0.5698
"635","ws3","2004-07-27",0.7315
"636","ws3","2004-08-12",0.2691
"637","ws3","2004-08-28",0.2764
"638","ws3","2004-09-13",0.0919
"639","ws3","2004-09-29",0.2126
"640","ws3","2004-10-15",0.985
"641","ws3","2004-10-31",0.847
"642","ws3","2004-11-16",0.8408
"643","ws3","2004-12-02",0.8454
"644","ws3","2004-12-18",0.846
"645","ws3","2005-01-01",0.8164
"646","ws3","2005-01-17",0.8584
"647","ws3","2005-02-02",0.8458
"648","ws3","2005-02-18",0.7935
"649","ws3","2005-03-06",0.7836
"650","ws3","2005-03-22",0.7832
"651","ws3","2005-04-07",0.8005
"652","ws3","2005-04-23",0.7696
"653","ws3","2005-05-09",0.7255
"654","ws3","2005-05-25",0.8078
"655","ws3","2005-06-10",0.7104
"656","ws3","2005-06-26",0.8151
"657","ws3","2005-07-12",0.6044
"658","ws3","2005-07-28",0.8328
"659","ws3","2005-08-13",0.3111
"660","ws3","2005-08-29",0.1625
"661","ws3","2005-09-14",0.7741
"662","ws3","2005-09-30",0.8617
"663","ws3","2005-10-16",0.8441
"664","ws3","2005-11-01",0.8205
"665","ws3","2005-11-17",0.8203
"666","ws3","2005-12-03",0.8239
"667","ws3","2005-12-19",0.8235
"668","ws3","2006-01-01",0.8122
"669","ws3","2006-01-17",0.8121
"670","ws3","2006-02-02",0.8046
"671","ws3","2006-02-18",0.7858
"672","ws3","2006-03-06",0.7192
"673","ws3","2006-03-22",0.7463
"674","ws3","2006-04-07",0.6922
"675","ws3","2006-04-23",0.7101
"676","ws3","2006-05-09",0.7533
"677","ws3","2006-05-25",0.6682
"678","ws3","2006-06-10",0.7677
"679","ws3","2006-06-26",0.7828
"680","ws3","2006-07-12",0.4958
"681","ws3","2006-07-28",0.7974
"682","ws3","2006-08-13",0.6739
"683","ws3","2006-08-29",0.1667
"684","ws3","2006-09-14",0.4117
"685","ws3","2006-09-30",0.8949
"686","ws3","2006-10-16",0.7911
"687","ws3","2006-11-01",0.8463
"688","ws3","2006-11-17",0.8533
"689","ws3","2006-12-03",0.8241
"690","ws3","2006-12-19",0.8232
"691","ws3","2007-01-01",0.8496
"692","ws3","2007-01-17",0.8331
"693","ws3","2007-02-02",0.8427
"694","ws3","2007-02-18",0.7949
"695","ws3","2007-03-06",0.8313
"696","ws3","2007-03-22",0.7932
"697","ws3","2007-04-07",0.7873
"698","ws3","2007-04-23",0.7461
"699","ws3","2007-05-09",0.7195
"700","ws3","2007-05-25",0.7797
"701","ws3","2007-06-10",0.6511
"702","ws3","2007-06-26",0.2163
"703","ws3","2007-07-12",0.5363
"704","ws3","2007-07-28",0.6344
"705","ws3","2007-08-13",0.56
"706","ws3","2007-08-29",0.2198
"707","ws3","2007-09-14",0.4315
"708","ws3","2007-09-30",0.806
"709","ws3","2007-10-16",0.8579
"710","ws3","2007-11-01",0.8309
"711","ws3","2007-11-17",0.8209
"712","ws3","2007-12-03",0.8482
"713","ws3","2007-12-19",0.8327
"714","ws3","2008-01-01",0.8338
"715","ws3","2008-01-17",0.8322
"716","ws3","2008-02-02",0.8232
"717","ws3","2008-02-18",0.7709
"718","ws3","2008-03-05",0.7903
"719","ws3","2008-03-21",0.8048
"720","ws3","2008-04-06",0.7125
"721","ws3","2008-04-22",0.7435
"722","ws3","2008-05-08",0.7008
"723","ws3","2008-05-24",0.6973
"724","ws3","2008-06-09",0.7603
"725","ws3","2008-06-25",0.7312
"726","ws3","2008-07-11",0.8704
"727","ws3","2008-07-27",0.8124
"728","ws3","2008-08-12",0.1884
"729","ws3","2008-08-28",0.0537
"730","ws3","2008-09-13",0.7946
"731","ws3","2008-09-29",0.8652
"732","ws3","2008-10-15",0.8042
"733","ws3","2008-10-31",0.7667
"734","ws3","2008-11-16",0.8077
"735","ws3","2008-12-02",0.8018
"736","ws3","2008-12-18",0.8204
"737","ws3","2009-01-01",0.7903
"738","ws3","2009-01-17",0.7896
"739","ws3","2009-02-02",0.7588
"740","ws3","2009-02-18",0.742
"741","ws3","2009-03-06",0.7226
"742","ws3","2009-03-22",0.7395
"743","ws3","2009-04-07",0.7651
"744","ws3","2009-04-23",0.7191
"745","ws3","2009-05-09",0.7323
"746","ws3","2009-05-25",0.7795
"747","ws3","2009-06-10",0.7437
"748","ws3","2009-06-26",0.846
"749","ws3","2009-07-12",0.8192
"750","ws3","2009-07-28",0.4004
"751","ws3","2009-08-13",0.8187
"752","ws3","2009-08-29",0.1291
"753","ws3","2009-09-14",0.7817
"754","ws3","2009-09-30",0.181
"755","ws3","2009-10-16",0.8228
"756","ws3","2009-11-01",0.8546
"757","ws3","2009-11-17",0.8279
"758","ws3","2009-12-03",0.796
"759","ws3","2009-12-19",0.8066
"760","ws3","2010-01-01",0.8133
"761","ws3","2010-01-17",0.7721
"762","ws3","2010-02-02",0.8037
"763","ws3","2010-02-18",0.7857
"764","ws3","2010-03-06",0.805
"765","ws3","2010-03-22",0.8057
"766","ws3","2010-04-07",0.8033
"767","ws3","2010-04-23",0.8248
"768","ws3","2010-05-09",0.7843
"769","ws3","2010-05-25",0.7721
"770","ws3","2010-06-10",0.8008
"771","ws3","2010-06-26",0.831
"772","ws3","2010-07-12",0.5396
"773","ws3","2010-07-28",0.927
"774","ws3","2010-08-13",0.1025
"775","ws3","2010-08-29",0.1716
"776","ws3","2010-09-14",0.2587
"777","ws3","2010-09-30",0.8302
"778","ws3","2010-10-16",0.8422
"779","ws3","2010-11-01",0.8034
"780","ws3","2010-11-17",0.8096
"781","ws3","2010-12-03",0.8151
"782","ws3","2010-12-19",0.8198
"783","ws3","2011-01-01",0.7987
"784","ws3","2011-01-17",0.8137
"785","ws3","2011-02-02",0.7721
"786","ws3","2011-02-18",0.7924
"787","ws3","2011-03-06",0.7746
"788","ws3","2011-03-22",0.8025
"789","ws3","2011-04-07",0.6884
"790","ws3","2011-04-23",0.7121
"791","ws3","2011-05-09",0.7298
"792","ws3","2011-05-25",0.7483
"793","ws3","2011-06-10",0.3949
"794","ws3","2011-06-26",0.1827
"795","ws3","2011-07-12",0.0772
"796","ws3","2011-07-28",0.9597
"797","ws3","2011-08-13",0.703
"798","ws3","2011-08-29",0.7669
"799","ws3","2011-09-14",0.6142
"800","ws3","2011-09-30",0.7751
"801","ws3","2011-10-16",0.7919
"802","ws3","2011-11-01",0.7838
"803","ws3","2011-11-17",0.7926
"804","ws3","2011-12-03",0.7832
"805","ws3","2011-12-19",0.7738
"806","ws3","2012-01-01",0.7645
"807","ws3","2012-01-17",0.7463
"808","ws3","2012-02-02",0.7465
"809","ws3","2012-02-18",0.7401
"810","ws3","2012-03-05",0.7497
"811","ws3","2012-03-21",0.7866
"812","ws3","2012-04-06",0.8012
"813","ws3","2012-04-22",0.7627
"814","ws3","2012-05-08",0.7877
"815","ws3","2012-05-24",0.768
"816","ws3","2012-06-09",0.8266
"817","ws3","2012-06-25",0.3689
"818","ws3","2012-07-11",0.7744
"819","ws3","2012-07-27",0.7134
"820","ws3","2012-08-12",0.5175
"821","ws3","2012-08-28",0.4725
"822","ws3","2012-09-13",0.8858
"823","ws3","2012-09-29",0.8735
"824","ws3","2012-10-15",0.8365
"825","ws3","2012-10-31",0.7682
"826","ws3","2012-11-16",0.8313
"827","ws3","2012-12-02",0.8425
"828","ws3","2012-12-18",0.8353
"829","ws4","2001-01-01",0.6963
"830","ws4","2001-01-17",0.6796
"831","ws4","2001-02-02",0.6465
"832","ws4","2001-02-18",0.6063
"833","ws4","2001-03-06",0.5925
"834","ws4","2001-03-22",0.5518
"835","ws4","2001-04-07",0.5728
"836","ws4","2001-04-23",0.6878
"837","ws4","2001-05-09",0.696
"838","ws4","2001-05-25",0.6651
"839","ws4","2001-06-10",0.2522
"840","ws4","2001-06-26",0.766
"841","ws4","2001-07-12",0.6177
"842","ws4","2001-07-28",0.7107
"843","ws4","2001-08-13",0.7467
"844","ws4","2001-08-29",0.62
"845","ws4","2001-09-14",0.7451
"846","ws4","2001-09-30",0.7637
"847","ws4","2001-10-16",0.7475
"848","ws4","2001-11-01",0.7038
"849","ws4","2001-11-17",0.65
"850","ws4","2001-12-03",0.6729
"851","ws4","2001-12-19",0.6806
"852","ws4","2002-01-01",0.6686
"853","ws4","2002-01-17",0.662
"854","ws4","2002-02-02",0.6335
"855","ws4","2002-02-18",0.5955
"856","ws4","2002-03-06",0.5782
"857","ws4","2002-03-22",0.591
"858","ws4","2002-04-07",0.5798
"859","ws4","2002-04-23",0.5884
"860","ws4","2002-05-09",0.6317
"861","ws4","2002-05-25",0.7538
"862","ws4","2002-06-10",0.8567
"863","ws4","2002-06-26",0.7452
"864","ws4","2002-07-12",0.7153
"865","ws4","2002-07-28",0.7748
"866","ws4","2002-08-13",0.7379
"867","ws4","2002-08-29",0.4632
"868","ws4","2002-09-14",0.7464
"869","ws4","2002-09-30",0.6782
"870","ws4","2002-10-16",0.7405
"871","ws4","2002-11-01",0.743
"872","ws4","2002-11-17",0.6903
"873","ws4","2002-12-03",0.7056
"874","ws4","2002-12-19",0.6896
"875","ws4","2003-01-01",0.6511
"876","ws4","2003-01-17",0.6583
"877","ws4","2003-02-02",0.6427
"878","ws4","2003-02-18",0.6111
"879","ws4","2003-03-06",0.5569
"880","ws4","2003-03-22",0.5871
"881","ws4","2003-04-07",0.5781
"882","ws4","2003-04-23",0.5915
"883","ws4","2003-05-09",0.565
"884","ws4","2003-05-25",0.5915
"885","ws4","2003-06-10",0.5649
"886","ws4","2003-06-26",0.7245
"887","ws4","2003-07-12",0.7129
"888","ws4","2003-07-28",0.7227
"889","ws4","2003-08-13",0.6274
"890","ws4","2003-08-29",0.4983
"891","ws4","2003-09-14",0.6763
"892","ws4","2003-09-30",0.7899
"893","ws4","2003-10-16",0.7801
"894","ws4","2003-11-01",0.7276
"895","ws4","2003-11-17",0.7244
"896","ws4","2003-12-03",0.7092
"897","ws4","2003-12-19",0.6963
"898","ws4","2004-01-01",0.6945
"899","ws4","2004-01-17",0.6875
"900","ws4","2004-02-02",0.6491
"901","ws4","2004-02-18",0.597
"902","ws4","2004-03-05",0.6334
"903","ws4","2004-03-21",0.5559
"904","ws4","2004-04-06",0.6022
"905","ws4","2004-04-22",0.6743
"906","ws4","2004-05-08",0.6367
"907","ws4","2004-05-24",0.4911
"908","ws4","2004-06-09",0.7194
"909","ws4","2004-06-25",0.7713
"910","ws4","2004-07-11",0.7371
"911","ws4","2004-07-27",0.7689
"912","ws4","2004-08-12",0.7613
"913","ws4","2004-08-28",0.7681
"914","ws4","2004-09-13",0.2163
"915","ws4","2004-09-29",0.7417
"916","ws4","2004-10-15",0.7492
"917","ws4","2004-10-31",0.7193
"918","ws4","2004-11-16",0.7575
"919","ws4","2004-12-02",0.706
"920","ws4","2004-12-18",0.6844
"921","ws4","2005-01-01",0.6928
"922","ws4","2005-01-17",0.6727
"923","ws4","2005-02-02",0.6554
"924","ws4","2005-02-18",0.6421
"925","ws4","2005-03-06",0.6071
"926","ws4","2005-03-22",0.5505
"927","ws4","2005-04-07",0.5425
"928","ws4","2005-04-23",0.5836
"929","ws4","2005-05-09",0.5826
"930","ws4","2005-05-25",0.5713
"931","ws4","2005-06-10",0.5493
"932","ws4","2005-06-26",0.6116
"933","ws4","2005-07-12",0.7322
"934","ws4","2005-07-28",0.6767
"935","ws4","2005-08-13",0.5944
"936","ws4","2005-08-29",0.7354
"937","ws4","2005-09-14",0.7288
"938","ws4","2005-09-30",0.7584
"939","ws4","2005-10-16",0.8285
"940","ws4","2005-11-01",0.7475
"941","ws4","2005-11-17",0.7032
"942","ws4","2005-12-03",0.6908
"943","ws4","2005-12-19",0.7035
"944","ws4","2006-01-01",0.6772
"945","ws4","2006-01-17",0.6438
"946","ws4","2006-02-02",0.6456
"947","ws4","2006-02-18",0.5912
"948","ws4","2006-03-06",0.5727
"949","ws4","2006-03-22",0.532
"950","ws4","2006-04-07",0.5522
"951","ws4","2006-04-23",0.6246
"952","ws4","2006-05-09",0.6601
"953","ws4","2006-05-25",0.6877
"954","ws4","2006-06-10",0.6665
"955","ws4","2006-06-26",0.715
"956","ws4","2006-07-12",0.3808
"957","ws4","2006-07-28",0.7407
"958","ws4","2006-08-13",0.7702
"959","ws4","2006-08-29",0.7599
"960","ws4","2006-09-14",0.7423
"961","ws4","2006-09-30",0.7931
"962","ws4","2006-10-16",0.7471
"963","ws4","2006-11-01",0.7091
"964","ws4","2006-11-17",0.731
"965","ws4","2006-12-03",0.6903
"966","ws4","2006-12-19",0.6634
"967","ws4","2007-01-01",0.694
"968","ws4","2007-01-17",0.7347
"969","ws4","2007-02-02",0.6687
"970","ws4","2007-02-18",0.623
"971","ws4","2007-03-06",0.5693
"972","ws4","2007-03-22",0.6692
"973","ws4","2007-04-07",0.5529
"974","ws4","2007-04-23",0.6079
"975","ws4","2007-05-09",0.6317
"976","ws4","2007-05-25",0.5909
"977","ws4","2007-06-10",0.55
"978","ws4","2007-06-26",0.7426
"979","ws4","2007-07-12",0.7505
"980","ws4","2007-07-28",0.6901
"981","ws4","2007-08-13",0.786
"982","ws4","2007-08-29",0.7704
"983","ws4","2007-09-14",0.7178
"984","ws4","2007-09-30",0.7725
"985","ws4","2007-10-16",0.7523
"986","ws4","2007-11-01",0.7182
"987","ws4","2007-11-17",0.7211
"988","ws4","2007-12-03",0.7161
"989","ws4","2007-12-19",0.6941
"990","ws4","2008-01-01",0.6569
"991","ws4","2008-01-17",0.6616
"992","ws4","2008-02-02",0.6335
"993","ws4","2008-02-18",0.568
"994","ws4","2008-03-05",0.5652
"995","ws4","2008-03-21",0.5229
"996","ws4","2008-04-06",0.5442
"997","ws4","2008-04-22",0.5979
"998","ws4","2008-05-08",0.5968
"999","ws4","2008-05-24",0.7005
"1000","ws4","2008-06-09",0.7099
"1001","ws4","2008-06-25",0.2618
"1002","ws4","2008-07-11",0.7876
"1003","ws4","2008-07-27",0.7381
"1004","ws4","2008-08-12",0.685
"1005","ws4","2008-08-28",0.7082
"1006","ws4","2008-09-13",0.5202
"1007","ws4","2008-09-29",0.7608
"1008","ws4","2008-10-15",0.7091
"1009","ws4","2008-10-31",0.7035
"1010","ws4","2008-11-16",0.6869
"1011","ws4","2008-12-02",0.6846
"1012","ws4","2008-12-18",0.6511
"1013","ws4","2009-01-01",0.6168
"1014","ws4","2009-01-17",0.6916
"1015","ws4","2009-02-02",0.6092
"1016","ws4","2009-02-18",0.6141
"1017","ws4","2009-03-06",0.5764
"1018","ws4","2009-03-22",0.5614
"1019","ws4","2009-04-07",0.6023
"1020","ws4","2009-04-23",0.5566
"1021","ws4","2009-05-09",0.5456
"1022","ws4","2009-05-25",0.6443
"1023","ws4","2009-06-10",0.6649
"1024","ws4","2009-06-26",0.7348
"1025","ws4","2009-07-12",0.7478
"1026","ws4","2009-07-28",0.7726
"1027","ws4","2009-08-13",0.745
"1028","ws4","2009-08-29",0.7693
"1029","ws4","2009-09-14",0.7118
"1030","ws4","2009-09-30",0.7545
"1031","ws4","2009-10-16",0.7553
"1032","ws4","2009-11-01",0.7167
"1033","ws4","2009-11-17",0.7314
"1034","ws4","2009-12-03",0.7191
"1035","ws4","2009-12-19",0.6992
"1036","ws4","2010-01-01",0.7154
"1037","ws4","2010-01-17",0.6925
"1038","ws4","2010-02-02",0.7063
"1039","ws4","2010-02-18",0.6319
"1040","ws4","2010-03-06",0.6462
"1041","ws4","2010-03-22",0.5888
"1042","ws4","2010-04-07",0.6172
"1043","ws4","2010-04-23",0.6278
"1044","ws4","2010-05-09",0.6763
"1045","ws4","2010-05-25",0.6095
"1046","ws4","2010-06-10",0.6925
"1047","ws4","2010-06-26",0.4707
"1048","ws4","2010-07-12",0.1815
"1049","ws4","2010-07-28",0.723
"1050","ws4","2010-08-13",0.6321
"1051","ws4","2010-08-29",0.533
"1052","ws4","2010-09-14",0.7876
"1053","ws4","2010-09-30",0.7374
"1054","ws4","2010-10-16",0.7483
"1055","ws4","2010-11-01",0.7258
"1056","ws4","2010-11-17",0.7269
"1057","ws4","2010-12-03",0.693
"1058","ws4","2010-12-19",0.6493
"1059","ws4","2011-01-01",0.6218
"1060","ws4","2011-01-17",0.6401
"1061","ws4","2011-02-02",0.5928
"1062","ws4","2011-02-18",0.5677
"1063","ws4","2011-03-06",0.5175
"1064","ws4","2011-03-22",0.5206
"1065","ws4","2011-04-07",0.522
"1066","ws4","2011-04-23",0.5646
"1067","ws4","2011-05-09",0.5737
"1068","ws4","2011-05-25",0.5706
"1069","ws4","2011-06-10",0.5246
"1070","ws4","2011-06-26",0.6876
"1071","ws4","2011-07-12",0.7107
"1072","ws4","2011-07-28",0.7354
"1073","ws4","2011-08-13",0.7938
"1074","ws4","2011-08-29",0.7227
"1075","ws4","2011-09-14",0.7473
"1076","ws4","2011-09-30",0.6736
"1077","ws4","2011-10-16",0.7295
"1078","ws4","2011-11-01",0.7146
"1079","ws4","2011-11-17",0.7047
"1080","ws4","2011-12-03",0.6956
"1081","ws4","2011-12-19",0.7069
"1082","ws4","2012-01-01",0.7069
"1083","ws4","2012-01-17",0.663
"1084","ws4","2012-02-02",0.6593
"1085","ws4","2012-02-18",0.6419
"1086","ws4","2012-03-05",0.6141
"1087","ws4","2012-03-21",0.6542
"1088","ws4","2012-04-06",0.5971
"1089","ws4","2012-04-22",0.5402
"1090","ws4","2012-05-08",0.6077
"1091","ws4","2012-05-24",0.6164
"1092","ws4","2012-06-09",0.7221
"1093","ws4","2012-06-25",0.727
"1094","ws4","2012-07-11",0.6871
"1095","ws4","2012-07-27",0.7453
"1096","ws4","2012-08-12",0.7343
"1097","ws4","2012-08-28",0.7517
"1098","ws4","2012-09-13",0.7438
"1099","ws4","2012-09-29",0.7783
"1100","ws4","2012-10-15",0.7592
"1101","ws4","2012-10-31",0.7537
"1102","ws4","2012-11-16",0.7414
"1103","ws4","2012-12-02",0.7254
"1104","ws4","2012-12-18",0.7152
"1105","ws5","2001-01-01",0.6836
"1106","ws5","2001-01-17",0.6432
"1107","ws5","2001-02-02",0.6119
"1108","ws5","2001-02-18",0.5008
"1109","ws5","2001-03-06",0.6121
"1110","ws5","2001-03-22",0.5783
"1111","ws5","2001-04-07",0.5784
"1112","ws5","2001-04-23",0.6563
"1113","ws5","2001-05-09",0.6601
"1114","ws5","2001-05-25",0.7082
"1115","ws5","2001-06-10",0.0686
"1116","ws5","2001-06-26",0.8099
"1117","ws5","2001-07-12",0.6905
"1118","ws5","2001-07-28",0.6547
"1119","ws5","2001-08-13",0.8396
"1120","ws5","2001-08-29",0.3197
"1121","ws5","2001-09-14",0.8256
"1122","ws5","2001-09-30",0.8181
"1123","ws5","2001-10-16",0.8079
"1124","ws5","2001-11-01",0.7814
"1125","ws5","2001-11-17",0.7661
"1126","ws5","2001-12-03",0.6748
"1127","ws5","2001-12-19",0.7067
"1128","ws5","2002-01-01",0.7252
"1129","ws5","2002-01-17",0.6832
"1130","ws5","2002-02-02",0.6397
"1131","ws5","2002-02-18",0.6374
"1132","ws5","2002-03-06",0.6537
"1133","ws5","2002-03-22",0.5678
"1134","ws5","2002-04-07",0.6363
"1135","ws5","2002-04-23",0.6819
"1136","ws5","2002-05-09",0.7112
"1137","ws5","2002-05-25",0.6756
"1138","ws5","2002-06-10",0.7292
"1139","ws5","2002-06-26",0.8335
"1140","ws5","2002-07-12",0.6286
"1141","ws5","2002-07-28",0.8228
"1142","ws5","2002-08-13",0.7463
"1143","ws5","2002-08-29",0.7545
"1144","ws5","2002-09-14",0.8209
"1145","ws5","2002-09-30",0.8606
"1146","ws5","2002-10-16",0.8262
"1147","ws5","2002-11-01",0.7691
"1148","ws5","2002-11-17",0.7739
"1149","ws5","2002-12-03",0.6949
"1150","ws5","2002-12-19",0.6525
"1151","ws5","2003-01-01",0.5041
"1152","ws5","2003-01-17",0.6659
"1153","ws5","2003-02-02",0.6546
"1154","ws5","2003-02-18",0.5828
"1155","ws5","2003-03-06",0.5549
"1156","ws5","2003-03-22",0.5955
"1157","ws5","2003-04-07",0.5719
"1158","ws5","2003-04-23",0.643
"1159","ws5","2003-05-09",0.6597
"1160","ws5","2003-05-25",0.5884
"1161","ws5","2003-06-10",0.2418
"1162","ws5","2003-06-26",0.7169
"1163","ws5","2003-07-12",0.7661
"1164","ws5","2003-07-28",0.8099
"1165","ws5","2003-08-13",0.7973
"1166","ws5","2003-08-29",0.9305
"1167","ws5","2003-09-14",0.7935
"1168","ws5","2003-09-30",0.7875
"1169","ws5","2003-10-16",0.7513
"1170","ws5","2003-11-01",0.7641
"1171","ws5","2003-11-17",0.7086
"1172","ws5","2003-12-03",0.7224
"1173","ws5","2003-12-19",0.6473
"1174","ws5","2004-01-01",0.642
"1175","ws5","2004-01-17",0.6516
"1176","ws5","2004-02-02",0.6612
"1177","ws5","2004-02-18",0.5557
"1178","ws5","2004-03-05",0.5055
"1179","ws5","2004-03-21",0.5431
"1180","ws5","2004-04-06",0.6267
"1181","ws5","2004-04-22",0.6101
"1182","ws5","2004-05-08",0.6389
"1183","ws5","2004-05-24",0.6408
"1184","ws5","2004-06-09",0.6829
"1185","ws5","2004-06-25",0.783
"1186","ws5","2004-07-11",0.818
"1187","ws5","2004-07-27",0.8313
"1188","ws5","2004-08-12",0.8527
"1189","ws5","2004-08-28",0.8248
"1190","ws5","2004-09-13",0.815
"1191","ws5","2004-09-29",0.8538
"1192","ws5","2004-10-15",0.7306
"1193","ws5","2004-10-31",0.6399
"1194","ws5","2004-11-16",0.6923
"1195","ws5","2004-12-02",0.6624
"1196","ws5","2004-12-18",0.6994
"1197","ws5","2005-01-01",0.5661
"1198","ws5","2005-01-17",0.6071
"1199","ws5","2005-02-02",0.6001
"1200","ws5","2005-02-18",0.5636
"1201","ws5","2005-03-06",0.6091
"1202","ws5","2005-03-22",0.6246
"1203","ws5","2005-04-07",0.4915
"1204","ws5","2005-04-23",0.6458
"1205","ws5","2005-05-09",0.6584
"1206","ws5","2005-05-25",0.7297
"1207","ws5","2005-06-10",0.6616
"1208","ws5","2005-06-26",0.8071
"1209","ws5","2005-07-12",0.7948
"1210","ws5","2005-07-28",0.7286
"1211","ws5","2005-08-13",0.7624
"1212","ws5","2005-08-29",0.8261
"1213","ws5","2005-09-14",0.7396
"1214","ws5","2005-09-30",0.6899
"1215","ws5","2005-10-16",0.7139
"1216","ws5","2005-11-01",0.7353
"1217","ws5","2005-11-17",0.6333
"1218","ws5","2005-12-03",0.712
"1219","ws5","2005-12-19",0.6069
"1220","ws5","2006-01-01",0.5851
"1221","ws5","2006-01-17",0.5782
"1222","ws5","2006-02-02",0.6422
"1223","ws5","2006-02-18",0.4772
"1224","ws5","2006-03-06",0.5874
"1225","ws5","2006-03-22",0.611
"1226","ws5","2006-04-07",0.5724
"1227","ws5","2006-04-23",0.5755
"1228","ws5","2006-05-09",0.5451
"1229","ws5","2006-05-25",0.7348
"1230","ws5","2006-06-10",0.7266
"1231","ws5","2006-06-26",0.7901
"1232","ws5","2006-07-12",0.7596
"1233","ws5","2006-07-28",0.7723
"1234","ws5","2006-08-13",0.8511
"1235","ws5","2006-08-29",0.7779
"1236","ws5","2006-09-14",0.8224
"1237","ws5","2006-09-30",0.7542
"1238","ws5","2006-10-16",0.722
"1239","ws5","2006-11-01",0.7236
"1240","ws5","2006-11-17",0.695
"1241","ws5","2006-12-03",0.6464
"1242","ws5","2006-12-19",0.6699
"1243","ws5","2007-01-01",0.6496
"1244","ws5","2007-01-17",0.6108
"1245","ws5","2007-02-02",0.6662
"1246","ws5","2007-02-18",0.6512
"1247","ws5","2007-03-06",0.6585
"1248","ws5","2007-03-22",0.6222
"1249","ws5","2007-04-07",0.6718
"1250","ws5","2007-04-23",0.6332
"1251","ws5","2007-05-09",0.7639
"1252","ws5","2007-05-25",0.7183
"1253","ws5","2007-06-10",0.3328
"1254","ws5","2007-06-26",0.7282
"1255","ws5","2007-07-12",0.9429
"1256","ws5","2007-07-28",0.744
"1257","ws5","2007-08-13",0.8204
"1258","ws5","2007-08-29",0.6763
"1259","ws5","2007-09-14",0.8551
"1260","ws5","2007-09-30",0.8294
"1261","ws5","2007-10-16",0.6747
"1262","ws5","2007-11-01",0.726
"1263","ws5","2007-11-17",0.5732
"1264","ws5","2007-12-03",0.637
"1265","ws5","2007-12-19",0.6816
"1266","ws5","2008-01-01",0.6118
"1267","ws5","2008-01-17",0.5607
"1268","ws5","2008-02-02",0.6125
"1269","ws5","2008-02-18",0.6061
"1270","ws5","2008-03-05",0.5368
"1271","ws5","2008-03-21",0.6056
"1272","ws5","2008-04-06",0.6077
"1273","ws5","2008-04-22",0.4821
"1274","ws5","2008-05-08",0.7162
"1275","ws5","2008-05-24",0.6684
"1276","ws5","2008-06-09",0.7537
"1277","ws5","2008-06-25",0.6343
"1278","ws5","2008-07-11",0.7782
"1279","ws5","2008-07-27",0.8415
"1280","ws5","2008-08-12",0.7555
"1281","ws5","2008-08-28",0.7116
"1282","ws5","2008-09-13",0.8394
"1283","ws5","2008-09-29",0.7843
"1284","ws5","2008-10-15",0.7331
"1285","ws5","2008-10-31",0.697
"1286","ws5","2008-11-16",0.6038
"1287","ws5","2008-12-02",0.6078
"1288","ws5","2008-12-18",0.7503
"1289","ws5","2009-01-01",0.5986
"1290","ws5","2009-01-17",0.604
"1291","ws5","2009-02-02",0.6366
"1292","ws5","2009-02-18",0.5476
"1293","ws5","2009-03-06",0.5693
"1294","ws5","2009-03-22",0.6756
"1295","ws5","2009-04-07",0.6596
"1296","ws5","2009-04-23",0.674
"1297","ws5","2009-05-09",0.6356
"1298","ws5","2009-05-25",0.5739
"1299","ws5","2009-06-10",0.6279
"1300","ws5","2009-06-26",0.7554
"1301","ws5","2009-07-12",0.803
"1302","ws5","2009-07-28",0.8259
"1303","ws5","2009-08-13",0.6737
"1304","ws5","2009-08-29",0.0814
"1305","ws5","2009-09-14",0.7975
"1306","ws5","2009-09-30",0.7346
"1307","ws5","2009-10-16",0.718
"1308","ws5","2009-11-01",0.7788
"1309","ws5","2009-11-17",0.6989
"1310","ws5","2009-12-03",0.6598
"1311","ws5","2009-12-19",0.6838
"1312","ws5","2010-01-01",0.6827
"1313","ws5","2010-01-17",0.7165
"1314","ws5","2010-02-02",0.684
"1315","ws5","2010-02-18",0.631
"1316","ws5","2010-03-06",0.6361
"1317","ws5","2010-03-22",0.5968
"1318","ws5","2010-04-07",0.6645
"1319","ws5","2010-04-23",0.6689
"1320","ws5","2010-05-09",0.6933
"1321","ws5","2010-05-25",0.7003
"1322","ws5","2010-06-10",0.7783
"1323","ws5","2010-06-26",0.7928
"1324","ws5","2010-07-12",0.7896
"1325","ws5","2010-07-28",0.7489
"1326","ws5","2010-08-13",0.8928
"1327","ws5","2010-08-29",0.8738
"1328","ws5","2010-09-14",0.8601
"1329","ws5","2010-09-30",0.7959
"1330","ws5","2010-10-16",0.7084
"1331","ws5","2010-11-01",0.6614
"1332","ws5","2010-11-17",0.6114
"1333","ws5","2010-12-03",0.6352
"1334","ws5","2010-12-19",0.5782
"1335","ws5","2011-01-01",0.5766
"1336","ws5","2011-01-17",0.5721
"1337","ws5","2011-02-02",0.5104
"1338","ws5","2011-02-18",0.5263
"1339","ws5","2011-03-06",0.5954
"1340","ws5","2011-03-22",0.5951
"1341","ws5","2011-04-07",0.6263
"1342","ws5","2011-04-23",0.6317
"1343","ws5","2011-05-09",0.6124
"1344","ws5","2011-05-25",0.6681
"1345","ws5","2011-06-10",0.607
"1346","ws5","2011-06-26",0.6908
"1347","ws5","2011-07-12",0.5722
"1348","ws5","2011-07-28",0.7285
"1349","ws5","2011-08-13",0.7579
"1350","ws5","2011-08-29",0.7658
"1351","ws5","2011-09-14",0.7693
"1352","ws5","2011-09-30",0.793
"1353","ws5","2011-10-16",0.7796
"1354","ws5","2011-11-01",0.7313
"1355","ws5","2011-11-17",0.6835
"1356","ws5","2011-12-03",0.6503
"1357","ws5","2011-12-19",0.6243
"1358","ws5","2012-01-01",0.4592
"1359","ws5","2012-01-17",0.6344
"1360","ws5","2012-02-02",0.6223
"1361","ws5","2012-02-18",0.5242
"1362","ws5","2012-03-05",0.5928
"1363","ws5","2012-03-21",0.6198
"1364","ws5","2012-04-06",0.6476
"1365","ws5","2012-04-22",0.6468
"1366","ws5","2012-05-08",0.7571
"1367","ws5","2012-05-24",0.6649
"1368","ws5","2012-06-09",0.7296
"1369","ws5","2012-06-25",0.6322
"1370","ws5","2012-07-11",0.7339
"1371","ws5","2012-07-27",0.7305
"1372","ws5","2012-08-12",0.7385
"1373","ws5","2012-08-28",0.8511
"1374","ws5","2012-09-13",0.8564
"1375","ws5","2012-09-29",0.8212
"1376","ws5","2012-10-15",0.6882
"1377","ws5","2012-10-31",0.6076
"1378","ws5","2012-11-16",0.6875
"1379","ws5","2012-12-02",0.7171
"1380","ws5","2012-12-18",0.6346
"1381","ws6","2001-01-01",0.7524
"1382","ws6","2001-01-17",0.7176
"1383","ws6","2001-02-02",0.7114
"1384","ws6","2001-02-18",0.665
"1385","ws6","2001-03-06",0.6091
"1386","ws6","2001-03-22",0.6107
"1387","ws6","2001-04-07",0.5263
"1388","ws6","2001-04-23",0.6143
"1389","ws6","2001-05-09",0.7078
"1390","ws6","2001-05-25",0.7389
"1391","ws6","2001-06-10",0.0339
"1392","ws6","2001-06-26",0.0343
"1393","ws6","2001-07-12",0.2446
"1394","ws6","2001-07-28",0.3616
"1395","ws6","2001-08-13",0.4516
"1396","ws6","2001-08-29",0.7602
"1397","ws6","2001-09-14",0.813
"1398","ws6","2001-09-30",0.8414
"1399","ws6","2001-10-16",0.8
"1400","ws6","2001-11-01",0.7757
"1401","ws6","2001-11-17",0.8025
"1402","ws6","2001-12-03",0.76
"1403","ws6","2001-12-19",0.8006
"1404","ws6","2002-01-01",0.7429
"1405","ws6","2002-01-17",0.6706
"1406","ws6","2002-02-02",0.6015
"1407","ws6","2002-02-18",0.5472
"1408","ws6","2002-03-06",0.5646
"1409","ws6","2002-03-22",0.5943
"1410","ws6","2002-04-07",0.6532
"1411","ws6","2002-04-23",0.5788
"1412","ws6","2002-05-09",0.7765
"1413","ws6","2002-05-25",0.7112
"1414","ws6","2002-06-10",0.7798
"1415","ws6","2002-06-26",0.3197
"1416","ws6","2002-07-12",0.3766
"1417","ws6","2002-07-28",0.6537
"1418","ws6","2002-08-13",0.8152
"1419","ws6","2002-08-29",0.3252
"1420","ws6","2002-09-14",0.6942
"1421","ws6","2002-09-30",0.5081
"1422","ws6","2002-10-16",0.7724
"1423","ws6","2002-11-01",0.8209
"1424","ws6","2002-11-17",0.8042
"1425","ws6","2002-12-03",0.7756
"1426","ws6","2002-12-19",0.7253
"1427","ws6","2003-01-01",0.617
"1428","ws6","2003-01-17",0.7123
"1429","ws6","2003-02-02",0.7075
"1430","ws6","2003-02-18",0.6932
"1431","ws6","2003-03-06",0.6901
"1432","ws6","2003-03-22",0.6826
"1433","ws6","2003-04-07",0.6228
"1434","ws6","2003-04-23",0.6383
"1435","ws6","2003-05-09",0.7113
"1436","ws6","2003-05-25",0.699
"1437","ws6","2003-06-10",0.5255
"1438","ws6","2003-06-26",0.6834
"1439","ws6","2003-07-12",0.2412
"1440","ws6","2003-07-28",0.8104
"1441","ws6","2003-08-13",0.6125
"1442","ws6","2003-08-29",0.7729
"1443","ws6","2003-09-14",0.2769
"1444","ws6","2003-09-30",0.7869
"1445","ws6","2003-10-16",0.7998
"1446","ws6","2003-11-01",0.7368
"1447","ws6","2003-11-17",0.6543
"1448","ws6","2003-12-03",0.6559
"1449","ws6","2003-12-19",0.6578
"1450","ws6","2004-01-01",0.741
"1451","ws6","2004-01-17",0.5984
"1452","ws6","2004-02-02",0.578
"1453","ws6","2004-02-18",0.4969
"1454","ws6","2004-03-05",0.5416
"1455","ws6","2004-03-21",0.5554
"1456","ws6","2004-04-06",0.4669
"1457","ws6","2004-04-22",0.5201
"1458","ws6","2004-05-08",0.4955
"1459","ws6","2004-05-24",0.7188
"1460","ws6","2004-06-09",0.5679
"1461","ws6","2004-06-25",0.5711
"1462","ws6","2004-07-11",0.7213
"1463","ws6","2004-07-27",0.1028
"1464","ws6","2004-08-12",0.3548
"1465","ws6","2004-08-28",0.2009
"1466","ws6","2004-09-13",0.062
"1467","ws6","2004-09-29",0.7761
"1468","ws6","2004-10-15",0.1807
"1469","ws6","2004-10-31",0.7234
"1470","ws6","2004-11-16",0.7227
"1471","ws6","2004-12-02",0.6871
"1472","ws6","2004-12-18",0.7406
"1473","ws6","2005-01-01",0.6376
"1474","ws6","2005-01-17",0.5866
"1475","ws6","2005-02-02",0.6796
"1476","ws6","2005-02-18",0.5857
"1477","ws6","2005-03-06",0.6019
"1478","ws6","2005-03-22",0.6036
"1479","ws6","2005-04-07",0.6082
"1480","ws6","2005-04-23",0.671
"1481","ws6","2005-05-09",0.6273
"1482","ws6","2005-05-25",0.6395
"1483","ws6","2005-06-10",0.5939
"1484","ws6","2005-06-26",0.2403
"1485","ws6","2005-07-12",0.5873
"1486","ws6","2005-07-28",0.817
"1487","ws6","2005-08-13",0.8149
"1488","ws6","2005-08-29",0.083
"1489","ws6","2005-09-14",0.2846
"1490","ws6","2005-09-30",0.054
"1491","ws6","2005-10-16",0.7503
"1492","ws6","2005-11-01",0.6825
"1493","ws6","2005-11-17",0.6311
"1494","ws6","2005-12-03",0.5601
"1495","ws6","2005-12-19",0.5864
"1496","ws6","2006-01-01",0.592
"1497","ws6","2006-01-17",0.6085
"1498","ws6","2006-02-02",0.6533
"1499","ws6","2006-02-18",0.5635
"1500","ws6","2006-03-06",0.6122
"1501","ws6","2006-03-22",0.5141
"1502","ws6","2006-04-07",0.5484
"1503","ws6","2006-04-23",0.5863
"1504","ws6","2006-05-09",0.0832
"1505","ws6","2006-05-25",0.3576
"1506","ws6","2006-06-10",0.2013
"1507","ws6","2006-06-26",0.7312
"1508","ws6","2006-07-12",0.531
"1509","ws6","2006-07-28",0.0858
"1510","ws6","2006-08-13",0.0931
"1511","ws6","2006-08-29",0.3347
"1512","ws6","2006-09-14",0.1891
"1513","ws6","2006-09-30",0.7959
"1514","ws6","2006-10-16",0.7986
"1515","ws6","2006-11-01",0.7439
"1516","ws6","2006-11-17",0.7368
"1517","ws6","2006-12-03",0.7266
"1518","ws6","2006-12-19",0.7051
"1519","ws6","2007-01-01",0.6483
"1520","ws6","2007-01-17",0.7137
"1521","ws6","2007-02-02",0.6437
"1522","ws6","2007-02-18",0.6464
"1523","ws6","2007-03-06",0.6141
"1524","ws6","2007-03-22",0.5881
"1525","ws6","2007-04-07",0.5877
"1526","ws6","2007-04-23",0.6706
"1527","ws6","2007-05-09",0.5239
"1528","ws6","2007-05-25",0.6871
"1529","ws6","2007-06-10",0.644
"1530","ws6","2007-06-26",0.4427
"1531","ws6","2007-07-12",0.7431
"1532","ws6","2007-07-28",0.2044
"1533","ws6","2007-08-13",0.777
"1534","ws6","2007-08-29",0.4651
"1535","ws6","2007-09-14",0.8117
"1536","ws6","2007-09-30",0.0631
"1537","ws6","2007-10-16",0.786
"1538","ws6","2007-11-01",0.7882
"1539","ws6","2007-11-17",0.7463
"1540","ws6","2007-12-03",0.7214
"1541","ws6","2007-12-19",0.6718
"1542","ws6","2008-01-01",0.6718
"1543","ws6","2008-01-17",0.6044
"1544","ws6","2008-02-02",0.6718
"1545","ws6","2008-02-18",0.6944
"1546","ws6","2008-03-05",0.6752
"1547","ws6","2008-03-21",0.5632
"1548","ws6","2008-04-06",0.6374
"1549","ws6","2008-04-22",0.6573
"1550","ws6","2008-05-08",0.6325
"1551","ws6","2008-05-24",0.6789
"1552","ws6","2008-06-09",0.4663
"1553","ws6","2008-06-25",0.3927
"1554","ws6","2008-07-11",0.5072
"1555","ws6","2008-07-27",0.8866
"1556","ws6","2008-08-12",0.7212
"1557","ws6","2008-08-28",0.5472
"1558","ws6","2008-09-13",0.2114
"1559","ws6","2008-09-29",0.5932
"1560","ws6","2008-10-15",0.7277
"1561","ws6","2008-10-31",0.8036
"1562","ws6","2008-11-16",0.7792
"1563","ws6","2008-12-02",0.7877
"1564","ws6","2008-12-18",0.7767
"1565","ws6","2009-01-01",0.7378
"1566","ws6","2009-01-17",0.7113
"1567","ws6","2009-02-02",0.6243
"1568","ws6","2009-02-18",0.706
"1569","ws6","2009-03-06",0.729
"1570","ws6","2009-03-22",0.6616
"1571","ws6","2009-04-07",0.6666
"1572","ws6","2009-04-23",0.6253
"1573","ws6","2009-05-09",0.7323
"1574","ws6","2009-05-25",0.6483
"1575","ws6","2009-06-10",0.4614
"1576","ws6","2009-06-26",0.7526
"1577","ws6","2009-07-12",0.7298
"1578","ws6","2009-07-28",0.6964
"1579","ws6","2009-08-13",0.1753
"1580","ws6","2009-08-29",0.0627
"1581","ws6","2009-09-14",0.7543
"1582","ws6","2009-09-30",0.7935
"1583","ws6","2009-10-16",0.815
"1584","ws6","2009-11-01",0.8308
"1585","ws6","2009-11-17",0.7684
"1586","ws6","2009-12-03",0.7055
"1587","ws6","2009-12-19",0.7372
"1588","ws6","2010-01-01",0.7535
"1589","ws6","2010-01-17",0.5453
"1590","ws6","2010-02-02",0.6477
"1591","ws6","2010-02-18",0.5813
"1592","ws6","2010-03-06",0.4884
"1593","ws6","2010-03-22",0.6014
"1594","ws6","2010-04-07",0.5638
"1595","ws6","2010-04-23",0.5279
"1596","ws6","2010-05-09",0.6945
"1597","ws6","2010-05-25",0.7159
"1598","ws6","2010-06-10",0.4861
"1599","ws6","2010-06-26",0.0868
"1600","ws6","2010-07-12",0.1668
"1601","ws6","2010-07-28",0.5117
"1602","ws6","2010-08-13",0.1146
"1603","ws6","2010-08-29",0.5533
"1604","ws6","2010-09-14",0.328
"1605","ws6","2010-09-30",0.8381
"1606","ws6","2010-10-16",0.8113
"1607","ws6","2010-11-01",0.7328
"1608","ws6","2010-11-17",0.7862
"1609","ws6","2010-12-03",0.678
"1610","ws6","2010-12-19",0.6971
"1611","ws6","2011-01-01",0.6545
"1612","ws6","2011-01-17",0.6141
"1613","ws6","2011-02-02",0.6256
"1614","ws6","2011-02-18",0.6508
"1615","ws6","2011-03-06",0.5891
"1616","ws6","2011-03-22",0.6112
"1617","ws6","2011-04-07",0.7039
"1618","ws6","2011-04-23",0.6365
"1619","ws6","2011-05-09",0.0693
"1620","ws6","2011-05-25",0.5889
"1621","ws6","2011-06-10",0.5727
"1622","ws6","2011-06-26",0.6897
"1623","ws6","2011-07-12",0.7777
"1624","ws6","2011-07-28",0.0971
"1625","ws6","2011-08-13",0.8275
"1626","ws6","2011-08-29",0.8128
"1627","ws6","2011-09-14",0.2225
"1628","ws6","2011-09-30",0.8349
"1629","ws6","2011-10-16",0.8071
"1630","ws6","2011-11-01",0.8037
"1631","ws6","2011-11-17",0.7818
"1632","ws6","2011-12-03",0.7559
"1633","ws6","2011-12-19",0.6847
"1634","ws6","2012-01-01",0.7557
"1635","ws6","2012-01-17",0.6065
"1636","ws6","2012-02-02",0.6211
"1637","ws6","2012-02-18",0.67
"1638","ws6","2012-03-05",0.6282
"1639","ws6","2012-03-21",0.6949
"1640","ws6","2012-04-06",0.707
"1641","ws6","2012-04-22",0.5909
"1642","ws6","2012-05-08",0.7436
"1643","ws6","2012-05-24",0.7391
"1644","ws6","2012-06-09",0.6162
"1645","ws6","2012-06-25",0.6086
"1646","ws6","2012-07-11",0.2244
"1647","ws6","2012-07-27",0.6733
"1648","ws6","2012-08-12",0.8392
"1649","ws6","2012-08-28",0.6677
"1650","ws6","2012-09-13",0.7822
"1651","ws6","2012-09-29",0.7823
"1652","ws6","2012-10-15",0.8013
"1653","ws6","2012-10-31",0.6794
"1654","ws6","2012-11-16",0.7979
"1655","ws6","2012-12-02",0.7821
"1656","ws6","2012-12-18",0.7901
"1657","ws7","2001-01-01",0.7941
"1658","ws7","2001-01-17",0.786
"1659","ws7","2001-02-02",0.7367
"1660","ws7","2001-02-18",0.7363
"1661","ws7","2001-03-06",0.7327
"1662","ws7","2001-03-22",0.746
"1663","ws7","2001-04-07",0.7766
"1664","ws7","2001-04-23",0.7695
"1665","ws7","2001-05-09",0.7219
"1666","ws7","2001-05-25",0.7811
"1667","ws7","2001-06-10",0.8309
"1668","ws7","2001-06-26",0.1143
"1669","ws7","2001-07-12",0.6478
"1670","ws7","2001-07-28",0.7824
"1671","ws7","2001-08-13",0.79
"1672","ws7","2001-08-29",0.8184
"1673","ws7","2001-09-14",0.3224
"1674","ws7","2001-09-30",0.8024
"1675","ws7","2001-10-16",0.8517
"1676","ws7","2001-11-01",0.8185
"1677","ws7","2001-11-17",0.815
"1678","ws7","2001-12-03",0.8018
"1679","ws7","2001-12-19",0.7797
"1680","ws7","2002-01-01",0.7885
"1681","ws7","2002-01-17",0.7553
"1682","ws7","2002-02-02",0.7633
"1683","ws7","2002-02-18",0.7863
"1684","ws7","2002-03-06",0.7522
"1685","ws7","2002-03-22",0.7556
"1686","ws7","2002-04-07",0.7587
"1687","ws7","2002-04-23",0.7328
"1688","ws7","2002-05-09",0.7712
"1689","ws7","2002-05-25",0.791
"1690","ws7","2002-06-10",0.79
"1691","ws7","2002-06-26",0.8338
"1692","ws7","2002-07-12",0.3373
"1693","ws7","2002-07-28",0.7489
"1694","ws7","2002-08-13",0.8108
"1695","ws7","2002-08-29",0.7446
"1696","ws7","2002-09-14",0.8514
"1697","ws7","2002-09-30",0.428
"1698","ws7","2002-10-16",0.822
"1699","ws7","2002-11-01",0.8081
"1700","ws7","2002-11-17",0.7971
"1701","ws7","2002-12-03",0.7755
"1702","ws7","2002-12-19",0.7452
"1703","ws7","2003-01-01",0.7585
"1704","ws7","2003-01-17",0.7872
"1705","ws7","2003-02-02",0.7724
"1706","ws7","2003-02-18",0.746
"1707","ws7","2003-03-06",0.747
"1708","ws7","2003-03-22",0.7717
"1709","ws7","2003-04-07",0.7937
"1710","ws7","2003-04-23",0.8084
"1711","ws7","2003-05-09",0.8123
"1712","ws7","2003-05-25",0.7972
"1713","ws7","2003-06-10",0.1226
"1714","ws7","2003-06-26",0.8158
"1715","ws7","2003-07-12",0.578
"1716","ws7","2003-07-28",0.8243
"1717","ws7","2003-08-13",0.6519
"1718","ws7","2003-08-29",0.3689
"1719","ws7","2003-09-14",0.656
"1720","ws7","2003-09-30",0.8423
"1721","ws7","2003-10-16",0.798
"1722","ws7","2003-11-01",0.8095
"1723","ws7","2003-11-17",0.8002
"1724","ws7","2003-12-03",0.8031
"1725","ws7","2003-12-19",0.7531
"1726","ws7","2004-01-01",0.7238
"1727","ws7","2004-01-17",0.7816
"1728","ws7","2004-02-02",0.7944
"1729","ws7","2004-02-18",0.6997
"1730","ws7","2004-03-05",0.7216
"1731","ws7","2004-03-21",0.7087
"1732","ws7","2004-04-06",0.7404
"1733","ws7","2004-04-22",0.7619
"1734","ws7","2004-05-08",0.7751
"1735","ws7","2004-05-24",0.8005
"1736","ws7","2004-06-09",0.1576
"1737","ws7","2004-06-25",0.8072
"1738","ws7","2004-07-11",0.8135
"1739","ws7","2004-07-27",0.7905
"1740","ws7","2004-08-12",0.7757
"1741","ws7","2004-08-28",0.7772
"1742","ws7","2004-09-13",0.6724
"1743","ws7","2004-09-29",0.5147
"1744","ws7","2004-10-15",0.8153
"1745","ws7","2004-10-31",0.7963
"1746","ws7","2004-11-16",0.8014
"1747","ws7","2004-12-02",0.7653
"1748","ws7","2004-12-18",0.7941
"1749","ws7","2005-01-01",0.7939
"1750","ws7","2005-01-17",0.7474
"1751","ws7","2005-02-02",0.7395
"1752","ws7","2005-02-18",0.7324
"1753","ws7","2005-03-06",0.7269
"1754","ws7","2005-03-22",0.748
"1755","ws7","2005-04-07",0.7247
"1756","ws7","2005-04-23",0.7975
"1757","ws7","2005-05-09",0.778
"1758","ws7","2005-05-25",0.8146
"1759","ws7","2005-06-10",0.8327
"1760","ws7","2005-06-26",0.6728
"1761","ws7","2005-07-12",0.3991
"1762","ws7","2005-07-28",0.8072
"1763","ws7","2005-08-13",0.7714
"1764","ws7","2005-08-29",0.8525
"1765","ws7","2005-09-14",0.7671
"1766","ws7","2005-09-30",0.765
"1767","ws7","2005-10-16",0.8266
"1768","ws7","2005-11-01",0.8022
"1769","ws7","2005-11-17",0.7981
"1770","ws7","2005-12-03",0.7973
"1771","ws7","2005-12-19",0.7767
"1772","ws7","2006-01-01",0.7775
"1773","ws7","2006-01-17",0.797
"1774","ws7","2006-02-02",0.7643
"1775","ws7","2006-02-18",0.7697
"1776","ws7","2006-03-06",0.7372
"1777","ws7","2006-03-22",0.7632
"1778","ws7","2006-04-07",0.7517
"1779","ws7","2006-04-23",0.7415
"1780","ws7","2006-05-09",0.803
"1781","ws7","2006-05-25",0.7665
"1782","ws7","2006-06-10",0.7821
"1783","ws7","2006-06-26",0.2839
"1784","ws7","2006-07-12",0.104
"1785","ws7","2006-07-28",0.2687
"1786","ws7","2006-08-13",0.7727
"1787","ws7","2006-08-29",0.462
"1788","ws7","2006-09-14",0.5806
"1789","ws7","2006-09-30",0.6564
"1790","ws7","2006-10-16",0.81
"1791","ws7","2006-11-01",0.8116
"1792","ws7","2006-11-17",0.828
"1793","ws7","2006-12-03",0.7663
"1794","ws7","2006-12-19",0.8291
"1795","ws7","2007-01-01",0.7824
"1796","ws7","2007-01-17",0.7631
"1797","ws7","2007-02-02",0.7837
"1798","ws7","2007-02-18",0.7623
"1799","ws7","2007-03-06",0.7949
"1800","ws7","2007-03-22",0.7483
"1801","ws7","2007-04-07",0.7673
"1802","ws7","2007-04-23",0.7886
"1803","ws7","2007-05-09",0.8033
"1804","ws7","2007-05-25",0.7751
"1805","ws7","2007-06-10",0.8112
"1806","ws7","2007-06-26",0.7891
"1807","ws7","2007-07-12",0.8386
"1808","ws7","2007-07-28",0.8053
"1809","ws7","2007-08-13",0.7911
"1810","ws7","2007-08-29",0.7826
"1811","ws7","2007-09-14",0.8067
"1812","ws7","2007-09-30",0.8098
"1813","ws7","2007-10-16",0.8092
"1814","ws7","2007-11-01",0.7991
"1815","ws7","2007-11-17",0.7732
"1816","ws7","2007-12-03",0.7773
"1817","ws7","2007-12-19",0.7743
"1818","ws7","2008-01-01",0.7946
"1819","ws7","2008-01-17",0.7881
"1820","ws7","2008-02-02",0.7722
"1821","ws7","2008-02-18",0.7559
"1822","ws7","2008-03-05",0.7503
"1823","ws7","2008-03-21",0.7458
"1824","ws7","2008-04-06",0.7868
"1825","ws7","2008-04-22",0.7745
"1826","ws7","2008-05-08",0.7979
"1827","ws7","2008-05-24",0.7599
"1828","ws7","2008-06-09",0.5916
"1829","ws7","2008-06-25",0.4091
"1830","ws7","2008-07-11",0.6835
"1831","ws7","2008-07-27",0.7867
"1832","ws7","2008-08-12",0.612
"1833","ws7","2008-08-28",0.7546
"1834","ws7","2008-09-13",0.2146
"1835","ws7","2008-09-29",0.7726
"1836","ws7","2008-10-15",0.8295
"1837","ws7","2008-10-31",0.7878
"1838","ws7","2008-11-16",0.8069
"1839","ws7","2008-12-02",0.7943
"1840","ws7","2008-12-18",0.7697
"1841","ws7","2009-01-01",0.7922
"1842","ws7","2009-01-17",0.7519
"1843","ws7","2009-02-02",0.7331
"1844","ws7","2009-02-18",0.7667
"1845","ws7","2009-03-06",0.7632
"1846","ws7","2009-03-22",0.7326
"1847","ws7","2009-04-07",0.7409
"1848","ws7","2009-04-23",0.7827
"1849","ws7","2009-05-09",0.6614
"1850","ws7","2009-05-25",0.7971
"1851","ws7","2009-06-10",0.0907
"1852","ws7","2009-06-26",0.7947
"1853","ws7","2009-07-12",0.7863
"1854","ws7","2009-07-28",0.7793
"1855","ws7","2009-08-13",0.7699
"1856","ws7","2009-08-29",0.8366
"1857","ws7","2009-09-14",0.3398
"1858","ws7","2009-09-30",0.7877
"1859","ws7","2009-10-16",0.8259
"1860","ws7","2009-11-01",0.7777
"1861","ws7","2009-11-17",0.8154
"1862","ws7","2009-12-03",0.7974
"1863","ws7","2009-12-19",0.8097
"1864","ws7","2010-01-01",0.8497
"1865","ws7","2010-01-17",0.7867
"1866","ws7","2010-02-02",0.785
"1867","ws7","2010-02-18",0.7539
"1868","ws7","2010-03-06",0.7016
"1869","ws7","2010-03-22",0.7579
"1870","ws7","2010-04-07",0.7706
"1871","ws7","2010-04-23",0.7981
"1872","ws7","2010-05-09",0.7937
"1873","ws7","2010-05-25",0.7913
"1874","ws7","2010-06-10",0.4447
"1875","ws7","2010-06-26",0.8281
"1876","ws7","2010-07-12",0.8299
"1877","ws7","2010-07-28",0.8488
"1878","ws7","2010-08-13",0.5076
"1879","ws7","2010-08-29",0.7543
"1880","ws7","2010-09-14",0.753
"1881","ws7","2010-09-30",0.8393
"1882","ws7","2010-10-16",0.827
"1883","ws7","2010-11-01",0.818
"1884","ws7","2010-11-17",0.7877
"1885","ws7","2010-12-03",0.7678
"1886","ws7","2010-12-19",0.775
"1887","ws7","2011-01-01",0.7458
"1888","ws7","2011-01-17",0.7521
"1889","ws7","2011-02-02",0.7409
"1890","ws7","2011-02-18",0.7549
"1891","ws7","2011-03-06",0.7638
"1892","ws7","2011-03-22",0.7409
"1893","ws7","2011-04-07",0.7615
"1894","ws7","2011-04-23",0.7845
"1895","ws7","2011-05-09",0.7963
"1896","ws7","2011-05-25",0.7817
"1897","ws7","2011-06-10",0.7761
"1898","ws7","2011-06-26",0.4254
"1899","ws7","2011-07-12",0.7931
"1900","ws7","2011-07-28",0.8132
"1901","ws7","2011-08-13",0.8179
"1902","ws7","2011-08-29",0.8127
"1903","ws7","2011-09-14",0.8143
"1904","ws7","2011-09-30",0.0529
"1905","ws7","2011-10-16",0.8125
"1906","ws7","2011-11-01",0.8152
"1907","ws7","2011-11-17",0.8069
"1908","ws7","2011-12-03",0.7965
"1909","ws7","2011-12-19",0.7595
"1910","ws7","2012-01-01",0.7463
"1911","ws7","2012-01-17",0.7462
"1912","ws7","2012-02-02",0.74
"1913","ws7","2012-02-18",0.7202
"1914","ws7","2012-03-05",0.7394
"1915","ws7","2012-03-21",0.7293
"1916","ws7","2012-04-06",0.8059
"1917","ws7","2012-04-22",0.7637
"1918","ws7","2012-05-08",0.7507
"1919","ws7","2012-05-24",0.7869
"1920","ws7","2012-06-09",0.7972
"1921","ws7","2012-06-25",0.341
"1922","ws7","2012-07-11",0.8456
"1923","ws7","2012-07-27",0.8174
"1924","ws7","2012-08-12",0.812
"1925","ws7","2012-08-28",0.8427
"1926","ws7","2012-09-13",0.8475
"1927","ws7","2012-09-29",0.8582
"1928","ws7","2012-10-15",0.8235
"1929","ws7","2012-10-31",0.7986
"1930","ws7","2012-11-16",0.7888
"1931","ws7","2012-12-02",0.7826
"1932","ws7","2012-12-18",0.8309
"1933","ws8","2001-01-01",0.7272
"1934","ws8","2001-01-17",0.6215
"1935","ws8","2001-02-02",0.6407
"1936","ws8","2001-02-18",0.6173
"1937","ws8","2001-03-06",0.5211
"1938","ws8","2001-03-22",0.5511
"1939","ws8","2001-04-07",0.5657
"1940","ws8","2001-04-23",0.5303
"1941","ws8","2001-05-09",0.6132
"1942","ws8","2001-05-25",0.5497
"1943","ws8","2001-06-10",0.0342
"1944","ws8","2001-06-26",0.0193
"1945","ws8","2001-07-12",0.2207
"1946","ws8","2001-07-28",0.5713
"1947","ws8","2001-08-13",0.1708
"1948","ws8","2001-08-29",0.7426
"1949","ws8","2001-09-14",0.7621
"1950","ws8","2001-09-30",0.7337
"1951","ws8","2001-10-16",0.745
"1952","ws8","2001-11-01",0.6571
"1953","ws8","2001-11-17",0.6691
"1954","ws8","2001-12-03",0.7093
"1955","ws8","2001-12-19",0.7242
"1956","ws8","2002-01-01",0.7045
"1957","ws8","2002-01-17",0.5895
"1958","ws8","2002-02-02",0.5584
"1959","ws8","2002-02-18",0.4753
"1960","ws8","2002-03-06",0.5098
"1961","ws8","2002-03-22",0.5102
"1962","ws8","2002-04-07",0.5344
"1963","ws8","2002-04-23",0.4739
"1964","ws8","2002-05-09",0.5381
"1965","ws8","2002-05-25",0.6617
"1966","ws8","2002-06-10",0.6068
"1967","ws8","2002-06-26",0.7239
"1968","ws8","2002-07-12",0.5827
"1969","ws8","2002-07-28",0.2981
"1970","ws8","2002-08-13",0.7448
"1971","ws8","2002-08-29",0.5912
"1972","ws8","2002-09-14",0.6334
"1973","ws8","2002-09-30",0.0805
"1974","ws8","2002-10-16",0.7544
"1975","ws8","2002-11-01",0.7068
"1976","ws8","2002-11-17",0.7471
"1977","ws8","2002-12-03",0.6132
"1978","ws8","2002-12-19",0.6559
"1979","ws8","2003-01-01",0.5866
"1980","ws8","2003-01-17",0.5535
"1981","ws8","2003-02-02",0.6916
"1982","ws8","2003-02-18",0.6204
"1983","ws8","2003-03-06",0.6077
"1984","ws8","2003-03-22",0.5635
"1985","ws8","2003-04-07",0.5738
"1986","ws8","2003-04-23",0.5568
"1987","ws8","2003-05-09",0.5856
"1988","ws8","2003-05-25",0.5586
"1989","ws8","2003-06-10",0.2417
"1990","ws8","2003-06-26",0.0595
"1991","ws8","2003-07-12",0.6425
"1992","ws8","2003-07-28",0.64
"1993","ws8","2003-08-13",0.569
"1994","ws8","2003-08-29",0.6811
"1995","ws8","2003-09-14",0.6239
"1996","ws8","2003-09-30",0.4454
"1997","ws8","2003-10-16",0.5863
"1998","ws8","2003-11-01",0.6773
"1999","ws8","2003-11-17",0.6536
"2000","ws8","2003-12-03",0.689
"2001","ws8","2003-12-19",0.6414
"2002","ws8","2004-01-01",0.6024
"2003","ws8","2004-01-17",0.5151
"2004","ws8","2004-02-02",0.5604
"2005","ws8","2004-02-18",0.5142
"2006","ws8","2004-03-05",0.47
"2007","ws8","2004-03-21",0.5049
"2008","ws8","2004-04-06",0.5787
"2009","ws8","2004-04-22",0.5215
"2010","ws8","2004-05-08",0.4549
"2011","ws8","2004-05-24",0.1059
"2012","ws8","2004-06-09",0.6584
"2013","ws8","2004-06-25",0.4811
"2014","ws8","2004-07-11",0.2962
"2015","ws8","2004-07-27",0.1705
"2016","ws8","2004-08-12",0.2541
"2017","ws8","2004-08-28",0.6164
"2018","ws8","2004-09-13",0.315
"2019","ws8","2004-09-29",0.0415
"2020","ws8","2004-10-15",0.0513
"2021","ws8","2004-10-31",0.6145
"2022","ws8","2004-11-16",0.6213
"2023","ws8","2004-12-02",0.7024
"2024","ws8","2004-12-18",0.662
"2025","ws8","2005-01-01",0.5714
"2026","ws8","2005-01-17",0.3609
"2027","ws8","2005-02-02",0.5619
"2028","ws8","2005-02-18",0.5333
"2029","ws8","2005-03-06",0.54
"2030","ws8","2005-03-22",0.5454
"2031","ws8","2005-04-07",0.5412
"2032","ws8","2005-04-23",0.5944
"2033","ws8","2005-05-09",0.5128
"2034","ws8","2005-05-25",0.4755
"2035","ws8","2005-06-10",0.3838
"2036","ws8","2005-06-26",0.4986
"2037","ws8","2005-07-12",0.5016
"2038","ws8","2005-07-28",0.0833
"2039","ws8","2005-08-13",0.5595
"2040","ws8","2005-08-29",0.2878
"2041","ws8","2005-09-14",0.645
"2042","ws8","2005-09-30",0.4535
"2043","ws8","2005-10-16",0.6647
"2044","ws8","2005-11-01",0.5389
"2045","ws8","2005-11-17",0.6289
"2046","ws8","2005-12-03",0.4976
"2047","ws8","2005-12-19",0.6241
"2048","ws8","2006-01-01",0.5416
"2049","ws8","2006-01-17",0.5029
"2050","ws8","2006-02-02",0.5703
"2051","ws8","2006-02-18",0.5129
"2052","ws8","2006-03-06",0.5321
"2053","ws8","2006-03-22",0.528
"2054","ws8","2006-04-07",0.4741
"2055","ws8","2006-04-23",0.2494
"2056","ws8","2006-05-09",0.4973
"2057","ws8","2006-05-25",0.2393
"2058","ws8","2006-06-10",0.6332
"2059","ws8","2006-06-26",0.4981
"2060","ws8","2006-07-12",0.5294
"2061","ws8","2006-07-28",0.4563
"2062","ws8","2006-08-13",0.6618
"2063","ws8","2006-08-29",0.4149
"2064","ws8","2006-09-14",0.497
"2065","ws8","2006-09-30",0.6327
"2066","ws8","2006-10-16",0.7352
"2067","ws8","2006-11-01",0.6186
"2068","ws8","2006-11-17",0.5957
"2069","ws8","2006-12-03",0.6388
"2070","ws8","2006-12-19",0.6083
"2071","ws8","2007-01-01",0.6197
"2072","ws8","2007-01-17",0.6575
"2073","ws8","2007-02-02",0.6453
"2074","ws8","2007-02-18",0.5578
"2075","ws8","2007-03-06",0.595
"2076","ws8","2007-03-22",0.535
"2077","ws8","2007-04-07",0.532
"2078","ws8","2007-04-23",0.5767
"2079","ws8","2007-05-09",0.5452
"2080","ws8","2007-05-25",0.6295
"2081","ws8","2007-06-10",0.1417
"2082","ws8","2007-06-26",0.1583
"2083","ws8","2007-07-12",0.5779
"2084","ws8","2007-07-28",0.7576
"2085","ws8","2007-08-13",0.73
"2086","ws8","2007-08-29",0.1764
"2087","ws8","2007-09-14",0.4116
"2088","ws8","2007-09-30",0.6733
"2089","ws8","2007-10-16",0.7452
"2090","ws8","2007-11-01",0.782
"2091","ws8","2007-11-17",0.6368
"2092","ws8","2007-12-03",0.6663
"2093","ws8","2007-12-19",0.6448
"2094","ws8","2008-01-01",0.6448
"2095","ws8","2008-01-17",0.6688
"2096","ws8","2008-02-02",0.6382
"2097","ws8","2008-02-18",0.5824
"2098","ws8","2008-03-05",0.5563
"2099","ws8","2008-03-21",0.5831
"2100","ws8","2008-04-06",0.5509
"2101","ws8","2008-04-22",0.449
"2102","ws8","2008-05-08",0.5633
"2103","ws8","2008-05-24",0.4767
"2104","ws8","2008-06-09",0.2185
"2105","ws8","2008-06-25",0.5685
"2106","ws8","2008-07-11",0.1705
"2107","ws8","2008-07-27",0.8362
"2108","ws8","2008-08-12",0.2591
"2109","ws8","2008-08-28",0.3101
"2110","ws8","2008-09-13",0.5354
"2111","ws8","2008-09-29",0.7449
"2112","ws8","2008-10-15",0.6938
"2113","ws8","2008-10-31",0.6688
"2114","ws8","2008-11-16",0.7572
"2115","ws8","2008-12-02",0.6566
"2116","ws8","2008-12-18",0.696
"2117","ws8","2009-01-01",0.7091
"2118","ws8","2009-01-17",0.6499
"2119","ws8","2009-02-02",0.6155
"2120","ws8","2009-02-18",0.6004
"2121","ws8","2009-03-06",0.5976
"2122","ws8","2009-03-22",0.7219
"2123","ws8","2009-04-07",0.5693
"2124","ws8","2009-04-23",0.5005
"2125","ws8","2009-05-09",0.5486
"2126","ws8","2009-05-25",0.5878
"2127","ws8","2009-06-10",0.3205
"2128","ws8","2009-06-26",0.3004
"2129","ws8","2009-07-12",0.6893
"2130","ws8","2009-07-28",0.7506
"2131","ws8","2009-08-13",0.2746
"2132","ws8","2009-08-29",0.0819
"2133","ws8","2009-09-14",0.6028
"2134","ws8","2009-09-30",0.6887
"2135","ws8","2009-10-16",0.6837
"2136","ws8","2009-11-01",0.7438
"2137","ws8","2009-11-17",0.6556
"2138","ws8","2009-12-03",0.7026
"2139","ws8","2009-12-19",0.7
"2140","ws8","2010-01-01",0.6728
"2141","ws8","2010-01-17",0.6036
"2142","ws8","2010-02-02",0.6152
"2143","ws8","2010-02-18",0.5331
"2144","ws8","2010-03-06",0.5197
"2145","ws8","2010-03-22",0.5595
"2146","ws8","2010-04-07",0.5723
"2147","ws8","2010-04-23",0.5638
"2148","ws8","2010-05-09",0.5892
"2149","ws8","2010-05-25",0.5225
"2150","ws8","2010-06-10",0.3396
"2151","ws8","2010-06-26",0.4603
"2152","ws8","2010-07-12",0.0803
"2153","ws8","2010-07-28",0.2726
"2154","ws8","2010-08-13",0.4823
"2155","ws8","2010-08-29",0.2651
"2156","ws8","2010-09-14",0.4836
"2157","ws8","2010-09-30",0.8302
"2158","ws8","2010-10-16",0.7645
"2159","ws8","2010-11-01",0.6712
"2160","ws8","2010-11-17",0.6386
"2161","ws8","2010-12-03",0.7092
"2162","ws8","2010-12-19",0.6212
"2163","ws8","2011-01-01",0.605
"2164","ws8","2011-01-17",0.6016
"2165","ws8","2011-02-02",0.6026
"2166","ws8","2011-02-18",0.5886
"2167","ws8","2011-03-06",0.6227
"2168","ws8","2011-03-22",0.5621
"2169","ws8","2011-04-07",0.5311
"2170","ws8","2011-04-23",0.5332
"2171","ws8","2011-05-09",0.5309
"2172","ws8","2011-05-25",0.5458
"2173","ws8","2011-06-10",0.5801
"2174","ws8","2011-06-26",0.4917
"2175","ws8","2011-07-12",0.122
"2176","ws8","2011-07-28",0.4479
"2177","ws8","2011-08-13",0.5199
"2178","ws8","2011-08-29",0.6435
"2179","ws8","2011-09-14",0.8613
"2180","ws8","2011-09-30",0.7183
"2181","ws8","2011-10-16",0.7309
"2182","ws8","2011-11-01",0.7092
"2183","ws8","2011-11-17",0.6125
"2184","ws8","2011-12-03",0.6894
"2185","ws8","2011-12-19",0.6752
"2186","ws8","2012-01-01",0.6669
"2187","ws8","2012-01-17",0.6496
"2188","ws8","2012-02-02",0.422
"2189","ws8","2012-02-18",0.5978
"2190","ws8","2012-03-05",0.5424
"2191","ws8","2012-03-21",0.5975
"2192","ws8","2012-04-06",0.5821
"2193","ws8","2012-04-22",0.6594
"2194","ws8","2012-05-08",0.6455
"2195","ws8","2012-05-24",0.6884
"2196","ws8","2012-06-09",0.5191
"2197","ws8","2012-06-25",0.776
"2198","ws8","2012-07-11",0.3309
"2199","ws8","2012-07-27",0.5302
"2200","ws8","2012-08-12",0.5503
"2201","ws8","2012-08-28",0.1059
"2202","ws8","2012-09-13",0.7402
"2203","ws8","2012-09-29",0.707
"2204","ws8","2012-10-15",0.718
"2205","ws8","2012-10-31",0.7125
"2206","ws8","2012-11-16",0.7067
"2207","ws8","2012-12-02",0.726
"2208","ws8","2012-12-18",0.714
"2209","ws9","2001-01-01",0.807
"2210","ws9","2001-01-17",0.7445
"2211","ws9","2001-02-02",0.7023
"2212","ws9","2001-02-18",0.7205
"2213","ws9","2001-03-06",0.6716
"2214","ws9","2001-03-22",0.6621
"2215","ws9","2001-04-07",0.5965
"2216","ws9","2001-04-23",0.6688
"2217","ws9","2001-05-09",0.7691
"2218","ws9","2001-05-25",0.7205
"2219","ws9","2001-06-10",0.0323
"2220","ws9","2001-06-26",0.6449
"2221","ws9","2001-07-12",0.3671
"2222","ws9","2001-07-28",0.7191
"2223","ws9","2001-08-13",0.6222
"2224","ws9","2001-08-29",0.7071
"2225","ws9","2001-09-14",0.8062
"2226","ws9","2001-09-30",0.4893
"2227","ws9","2001-10-16",0.8036
"2228","ws9","2001-11-01",0.7338
"2229","ws9","2001-11-17",0.6963
"2230","ws9","2001-12-03",0.7733
"2231","ws9","2001-12-19",0.7273
"2232","ws9","2002-01-01",0.7072
"2233","ws9","2002-01-17",0.6907
"2234","ws9","2002-02-02",0.6645
"2235","ws9","2002-02-18",0.6681
"2236","ws9","2002-03-06",0.6308
"2237","ws9","2002-03-22",0.6604
"2238","ws9","2002-04-07",0.6187
"2239","ws9","2002-04-23",0.7383
"2240","ws9","2002-05-09",0.6738
"2241","ws9","2002-05-25",0.6989
"2242","ws9","2002-06-10",0.4332
"2243","ws9","2002-06-26",0.8177
"2244","ws9","2002-07-12",0.2417
"2245","ws9","2002-07-28",0.257
"2246","ws9","2002-08-13",0.7928
"2247","ws9","2002-08-29",0.5082
"2248","ws9","2002-09-14",0.8549
"2249","ws9","2002-09-30",0.4751
"2250","ws9","2002-10-16",0.9116
"2251","ws9","2002-11-01",0.8293
"2252","ws9","2002-11-17",0.7895
"2253","ws9","2002-12-03",0.7365
"2254","ws9","2002-12-19",0.7447
"2255","ws9","2003-01-01",0.7721
"2256","ws9","2003-01-17",0.7427
"2257","ws9","2003-02-02",0.7082
"2258","ws9","2003-02-18",0.6446
"2259","ws9","2003-03-06",0.6722
"2260","ws9","2003-03-22",0.6851
"2261","ws9","2003-04-07",0.6707
"2262","ws9","2003-04-23",0.6671
"2263","ws9","2003-05-09",0.6805
"2264","ws9","2003-05-25",0.6629
"2265","ws9","2003-06-10",0.2757
"2266","ws9","2003-06-26",0.4887
"2267","ws9","2003-07-12",0.7302
"2268","ws9","2003-07-28",0.492
"2269","ws9","2003-08-13",0.8057
"2270","ws9","2003-08-29",0.208
"2271","ws9","2003-09-14",0.6918
"2272","ws9","2003-09-30",0.8152
"2273","ws9","2003-10-16",0.7348
"2274","ws9","2003-11-01",0.7804
"2275","ws9","2003-11-17",0.7856
"2276","ws9","2003-12-03",0.7367
"2277","ws9","2003-12-19",0.7277
"2278","ws9","2004-01-01",0.7174
"2279","ws9","2004-01-17",0.6765
"2280","ws9","2004-02-02",0.6593
"2281","ws9","2004-02-18",0.5494
"2282","ws9","2004-03-05",0.5933
"2283","ws9","2004-03-21",0.5877
"2284","ws9","2004-04-06",0.6801
"2285","ws9","2004-04-22",0.6627
"2286","ws9","2004-05-08",0.7134
"2287","ws9","2004-05-24",0.6953
"2288","ws9","2004-06-09",0.5568
"2289","ws9","2004-06-25",0.2349
"2290","ws9","2004-07-11",0.7635
"2291","ws9","2004-07-27",0.2552
"2292","ws9","2004-08-12",0.2313
"2293","ws9","2004-08-28",0.4522
"2294","ws9","2004-09-13",0.5819
"2295","ws9","2004-09-29",0.3307
"2296","ws9","2004-10-15",0.3905
"2297","ws9","2004-10-31",0.7715
"2298","ws9","2004-11-16",0.7705
"2299","ws9","2004-12-02",0.8264
"2300","ws9","2004-12-18",0.7344
"2301","ws9","2005-01-01",0.7695
"2302","ws9","2005-01-17",0.7513
"2303","ws9","2005-02-02",0.6855
"2304","ws9","2005-02-18",0.6661
"2305","ws9","2005-03-06",0.6554
"2306","ws9","2005-03-22",0.6201
"2307","ws9","2005-04-07",0.6789
"2308","ws9","2005-04-23",0.6463
"2309","ws9","2005-05-09",0.5917
"2310","ws9","2005-05-25",0.6522
"2311","ws9","2005-06-10",0.7111
"2312","ws9","2005-06-26",0.5525
"2313","ws9","2005-07-12",0.3288
"2314","ws9","2005-07-28",0.7937
"2315","ws9","2005-08-13",0.4324
"2316","ws9","2005-08-29",0.5464
"2317","ws9","2005-09-14",0.6496
"2318","ws9","2005-09-30",0.8039
"2319","ws9","2005-10-16",0.761
"2320","ws9","2005-11-01",0.7961
"2321","ws9","2005-11-17",0.7257
"2322","ws9","2005-12-03",0.691
"2323","ws9","2005-12-19",0.7599
"2324","ws9","2006-01-01",0.6725
"2325","ws9","2006-01-17",0.6719
"2326","ws9","2006-02-02",0.7142
"2327","ws9","2006-02-18",0.6525
"2328","ws9","2006-03-06",0.622
"2329","ws9","2006-03-22",0.5845
"2330","ws9","2006-04-07",0.6256
"2331","ws9","2006-04-23",0.6215
"2332","ws9","2006-05-09",0.7112
"2333","ws9","2006-05-25",0.6023
"2334","ws9","2006-06-10",0.7108
"2335","ws9","2006-06-26",0.2801
"2336","ws9","2006-07-12",0.3441
"2337","ws9","2006-07-28",0.0932
"2338","ws9","2006-08-13",0.7306
"2339","ws9","2006-08-29",0.6954
"2340","ws9","2006-09-14",0.3225
"2341","ws9","2006-09-30",0.8212
"2342","ws9","2006-10-16",0.8038
"2343","ws9","2006-11-01",0.819
"2344","ws9","2006-11-17",0.7883
"2345","ws9","2006-12-03",0.7291
"2346","ws9","2006-12-19",0.8183
"2347","ws9","2007-01-01",0.7526
"2348","ws9","2007-01-17",0.8095
"2349","ws9","2007-02-02",0.7232
"2350","ws9","2007-02-18",0.7141
"2351","ws9","2007-03-06",0.6679
"2352","ws9","2007-03-22",0.6102
"2353","ws9","2007-04-07",0.6258
"2354","ws9","2007-04-23",0.6466
"2355","ws9","2007-05-09",0.6977
"2356","ws9","2007-05-25",0.6481
"2357","ws9","2007-06-10",0.0396
"2358","ws9","2007-06-26",0.7361
"2359","ws9","2007-07-12",0.4514
"2360","ws9","2007-07-28",0.258
"2361","ws9","2007-08-13",0.8737
"2362","ws9","2007-08-29",0.1776
"2363","ws9","2007-09-14",0.8244
"2364","ws9","2007-09-30",0.7796
"2365","ws9","2007-10-16",0.7834
"2366","ws9","2007-11-01",0.7627
"2367","ws9","2007-11-17",0.7683
"2368","ws9","2007-12-03",0.7614
"2369","ws9","2007-12-19",0.7166
"2370","ws9","2008-01-01",0.6807
"2371","ws9","2008-01-17",0.6581
"2372","ws9","2008-02-02",0.6754
"2373","ws9","2008-02-18",0.6137
"2374","ws9","2008-03-05",0.5906
"2375","ws9","2008-03-21",0.563
"2376","ws9","2008-04-06",0.6157
"2377","ws9","2008-04-22",0.6278
"2378","ws9","2008-05-08",0.6637
"2379","ws9","2008-05-24",0.679
"2380","ws9","2008-06-09",0.3607
"2381","ws9","2008-06-25",0.2211
"2382","ws9","2008-07-11",0.7921
"2383","ws9","2008-07-27",0.7837
"2384","ws9","2008-08-12",0.5647
"2385","ws9","2008-08-28",0.8495
"2386","ws9","2008-09-13",0.4351
"2387","ws9","2008-09-29",0.8315
"2388","ws9","2008-10-15",0.8149
"2389","ws9","2008-10-31",0.7838
"2390","ws9","2008-11-16",0.7573
"2391","ws9","2008-12-02",0.7189
"2392","ws9","2008-12-18",0.7441
"2393","ws9","2009-01-01",0.6613
"2394","ws9","2009-01-17",0.7209
"2395","ws9","2009-02-02",0.6255
"2396","ws9","2009-02-18",0.6706
"2397","ws9","2009-03-06",0.627
"2398","ws9","2009-03-22",0.6147
"2399","ws9","2009-04-07",0.588
"2400","ws9","2009-04-23",0.6179
"2401","ws9","2009-05-09",0.6135
"2402","ws9","2009-05-25",0.6525
"2403","ws9","2009-06-10",0.741
"2404","ws9","2009-06-26",0.803
"2405","ws9","2009-07-12",0.7482
"2406","ws9","2009-07-28",0.4529
"2407","ws9","2009-08-13",0.7968
"2408","ws9","2009-08-29",0.7849
"2409","ws9","2009-09-14",0.6852
"2410","ws9","2009-09-30",0.6114
"2411","ws9","2009-10-16",0.6072
"2412","ws9","2009-11-01",0.7781
"2413","ws9","2009-11-17",0.7146
"2414","ws9","2009-12-03",0.7192
"2415","ws9","2009-12-19",0.726
"2416","ws9","2010-01-01",0.7302
"2417","ws9","2010-01-17",0.6748
"2418","ws9","2010-02-02",0.6476
"2419","ws9","2010-02-18",0.5362
"2420","ws9","2010-03-06",0.6014
"2421","ws9","2010-03-22",0.5537
"2422","ws9","2010-04-07",0.6947
"2423","ws9","2010-04-23",0.676
"2424","ws9","2010-05-09",0.7532
"2425","ws9","2010-05-25",0.7865
"2426","ws9","2010-06-10",0.1889
"2427","ws9","2010-06-26",0.7234
"2428","ws9","2010-07-12",0.4593
"2429","ws9","2010-07-28",0.5271
"2430","ws9","2010-08-13",0.8814
"2431","ws9","2010-08-29",0.4883
"2432","ws9","2010-09-14",0.7951
"2433","ws9","2010-09-30",0.764
"2434","ws9","2010-10-16",0.7529
"2435","ws9","2010-11-01",0.7122
"2436","ws9","2010-11-17",0.6905
"2437","ws9","2010-12-03",0.6927
"2438","ws9","2010-12-19",0.6353
"2439","ws9","2011-01-01",0.6382
"2440","ws9","2011-01-17",0.6179
"2441","ws9","2011-02-02",0.5879
"2442","ws9","2011-02-18",0.6479
"2443","ws9","2011-03-06",0.5597
"2444","ws9","2011-03-22",0.5758
"2445","ws9","2011-04-07",0.5574
"2446","ws9","2011-04-23",0.5865
"2447","ws9","2011-05-09",0.6601
"2448","ws9","2011-05-25",0.6965
"2449","ws9","2011-06-10",0.6163
"2450","ws9","2011-06-26",0.6292
"2451","ws9","2011-07-12",0.1608
"2452","ws9","2011-07-28",0.5148
"2453","ws9","2011-08-13",0.2149
"2454","ws9","2011-08-29",0.7594
"2455","ws9","2011-09-14",0.7611
"2456","ws9","2011-09-30",0.7537
"2457","ws9","2011-10-16",0.7439
"2458","ws9","2011-11-01",0.7994
"2459","ws9","2011-11-17",0.7437
"2460","ws9","2011-12-03",0.7674
"2461","ws9","2011-12-19",0.6824
"2462","ws9","2012-01-01",0.6701
"2463","ws9","2012-01-17",0.6826
"2464","ws9","2012-02-02",0.6679
"2465","ws9","2012-02-18",0.4793
"2466","ws9","2012-03-05",0.6471
"2467","ws9","2012-03-21",0.6142
"2468","ws9","2012-04-06",0.5972
"2469","ws9","2012-04-22",0.5963
"2470","ws9","2012-05-08",0.7256
"2471","ws9","2012-05-24",0.7151
"2472","ws9","2012-06-09",0.6157
"2473","ws9","2012-06-25",0.4268
"2474","ws9","2012-07-11",0.8513
"2475","ws9","2012-07-27",0.7274
"2476","ws9","2012-08-12",0.8137
"2477","ws9","2012-08-28",0.2471
"2478","ws9","2012-09-13",0.8127
"2479","ws9","2012-09-29",0.8055
"2480","ws9","2012-10-15",0.7865
"2481","ws9","2012-10-31",0.7679
"2482","ws9","2012-11-16",0.731
"2483","ws9","2012-12-02",0.761
"2484","ws9","2012-12-18",0.7814
"2485","ws10","2001-01-01",0.6485
"2486","ws10","2001-01-17",0.6268
"2487","ws10","2001-02-02",0.579
"2488","ws10","2001-02-18",0.5757
"2489","ws10","2001-03-06",0.5522
"2490","ws10","2001-03-22",0.6253
"2491","ws10","2001-04-07",0.4884
"2492","ws10","2001-04-23",0.6224
"2493","ws10","2001-05-09",0.5855
"2494","ws10","2001-05-25",0.1646
"2495","ws10","2001-06-10",0.4226
"2496","ws10","2001-06-26",0.7465
"2497","ws10","2001-07-12",0.5049
"2498","ws10","2001-07-28",0.8149
"2499","ws10","2001-08-13",0.7472
"2500","ws10","2001-08-29",0.7708
"2501","ws10","2001-09-14",0.797
"2502","ws10","2001-09-30",0.8121
"2503","ws10","2001-10-16",0.7778
"2504","ws10","2001-11-01",0.7547
"2505","ws10","2001-11-17",0.6595
"2506","ws10","2001-12-03",0.6749
"2507","ws10","2001-12-19",0.654
"2508","ws10","2002-01-01",0.6612
"2509","ws10","2002-01-17",0.6102
"2510","ws10","2002-02-02",0.6622
"2511","ws10","2002-02-18",0.5758
"2512","ws10","2002-03-06",0.5298
"2513","ws10","2002-03-22",0.6067
"2514","ws10","2002-04-07",0.5499
"2515","ws10","2002-04-23",0.5781
"2516","ws10","2002-05-09",0.5868
"2517","ws10","2002-05-25",0.684
"2518","ws10","2002-06-10",0.7218
"2519","ws10","2002-06-26",0.7061
"2520","ws10","2002-07-12",0.7866
"2521","ws10","2002-07-28",0.8377
"2522","ws10","2002-08-13",0.797
"2523","ws10","2002-08-29",0.5982
"2524","ws10","2002-09-14",0.8145
"2525","ws10","2002-09-30",0.5552
"2526","ws10","2002-10-16",0.5266
"2527","ws10","2002-11-01",0.7884
"2528","ws10","2002-11-17",0.7696
"2529","ws10","2002-12-03",0.7426
"2530","ws10","2002-12-19",0.6297
"2531","ws10","2003-01-01",0.6361
"2532","ws10","2003-01-17",0.6152
"2533","ws10","2003-02-02",0.6675
"2534","ws10","2003-02-18",0.6399
"2535","ws10","2003-03-06",0.6058
"2536","ws10","2003-03-22",0.6989
"2537","ws10","2003-04-07",0.5533
"2538","ws10","2003-04-23",0.5849
"2539","ws10","2003-05-09",0.6309
"2540","ws10","2003-05-25",0.6166
"2541","ws10","2003-06-10",0.7517
"2542","ws10","2003-06-26",0.8377
"2543","ws10","2003-07-12",0.7978
"2544","ws10","2003-07-28",0.8476
"2545","ws10","2003-08-13",0.6841
"2546","ws10","2003-08-29",0.8861
"2547","ws10","2003-09-14",0.1335
"2548","ws10","2003-09-30",0.7261
"2549","ws10","2003-10-16",0.7634
"2550","ws10","2003-11-01",0.771
"2551","ws10","2003-11-17",0.7419
"2552","ws10","2003-12-03",0.6863
"2553","ws10","2003-12-19",0.6891
"2554","ws10","2004-01-01",0.6944
"2555","ws10","2004-01-17",0.6956
"2556","ws10","2004-02-02",0.6712
"2557","ws10","2004-02-18",0.6557
"2558","ws10","2004-03-05",0.5998
"2559","ws10","2004-03-21",0.6489
"2560","ws10","2004-04-06",0.6175
"2561","ws10","2004-04-22",0.5674
"2562","ws10","2004-05-08",0.6011
"2563","ws10","2004-05-24",0.6177
"2564","ws10","2004-06-09",0.7494
"2565","ws10","2004-06-25",0.7465
"2566","ws10","2004-07-11",0.798
"2567","ws10","2004-07-27",0.8462
"2568","ws10","2004-08-12",0.8144
"2569","ws10","2004-08-28",0.8125
"2570","ws10","2004-09-13",0.6803
"2571","ws10","2004-09-29",0.4836
"2572","ws10","2004-10-15",0.7594
"2573","ws10","2004-10-31",0.8048
"2574","ws10","2004-11-16",0.7086
"2575","ws10","2004-12-02",0.7055
"2576","ws10","2004-12-18",0.6917
"2577","ws10","2005-01-01",0.6594
"2578","ws10","2005-01-17",0.6111
"2579","ws10","2005-02-02",0.6697
"2580","ws10","2005-02-18",0.6071
"2581","ws10","2005-03-06",0.6523
"2582","ws10","2005-03-22",0.5832
"2583","ws10","2005-04-07",0.5512
"2584","ws10","2005-04-23",0.6653
"2585","ws10","2005-05-09",0.6554
"2586","ws10","2005-05-25",0.6017
"2587","ws10","2005-06-10",0.6206
"2588","ws10","2005-06-26",0.4744
"2589","ws10","2005-07-12",0.7682
"2590","ws10","2005-07-28",0.7969
"2591","ws10","2005-08-13",0.6782
"2592","ws10","2005-08-29",0.3416
"2593","ws10","2005-09-14",0.8136
"2594","ws10","2005-09-30",0.6507
"2595","ws10","2005-10-16",0.8015
"2596","ws10","2005-11-01",0.7655
"2597","ws10","2005-11-17",0.7628
"2598","ws10","2005-12-03",0.7351
"2599","ws10","2005-12-19",0.7024
"2600","ws10","2006-01-01",0.6523
"2601","ws10","2006-01-17",0.6609
"2602","ws10","2006-02-02",0.6317
"2603","ws10","2006-02-18",0.5943
"2604","ws10","2006-03-06",0.4596
"2605","ws10","2006-03-22",0.5977
"2606","ws10","2006-04-07",0.5515
"2607","ws10","2006-04-23",0.5272
"2608","ws10","2006-05-09",0.5513
"2609","ws10","2006-05-25",0.6667
"2610","ws10","2006-06-10",0.7691
"2611","ws10","2006-06-26",0.7469
"2612","ws10","2006-07-12",0.7388
"2613","ws10","2006-07-28",0.8619
"2614","ws10","2006-08-13",0.8023
"2615","ws10","2006-08-29",0.8188
"2616","ws10","2006-09-14",0.4921
"2617","ws10","2006-09-30",0.8252
"2618","ws10","2006-10-16",0.8189
"2619","ws10","2006-11-01",0.7398
"2620","ws10","2006-11-17",0.7825
"2621","ws10","2006-12-03",0.7342
"2622","ws10","2006-12-19",0.7129
"2623","ws10","2007-01-01",0.5891
"2624","ws10","2007-01-17",0.6139
"2625","ws10","2007-02-02",0.6679
"2626","ws10","2007-02-18",0.636
"2627","ws10","2007-03-06",0.6066
"2628","ws10","2007-03-22",0.6476
"2629","ws10","2007-04-07",0.5841
"2630","ws10","2007-04-23",0.619
"2631","ws10","2007-05-09",0.6489
"2632","ws10","2007-05-25",0.7052
"2633","ws10","2007-06-10",0.6
"2634","ws10","2007-06-26",0.8024
"2635","ws10","2007-07-12",0.7883
"2636","ws10","2007-07-28",0.8355
"2637","ws10","2007-08-13",0.1066
"2638","ws10","2007-08-29",0.2363
"2639","ws10","2007-09-14",0.8159
"2640","ws10","2007-09-30",0.253
"2641","ws10","2007-10-16",0.8276
"2642","ws10","2007-11-01",0.7968
"2643","ws10","2007-11-17",0.7289
"2644","ws10","2007-12-03",0.7081
"2645","ws10","2007-12-19",0.6678
"2646","ws10","2008-01-01",0.6992
"2647","ws10","2008-01-17",0.6145
"2648","ws10","2008-02-02",0.6366
"2649","ws10","2008-02-18",0.5581
"2650","ws10","2008-03-05",0.5477
"2651","ws10","2008-03-21",0.6157
"2652","ws10","2008-04-06",0.4935
"2653","ws10","2008-04-22",0.5129
"2654","ws10","2008-05-08",0.6536
"2655","ws10","2008-05-24",0.4828
"2656","ws10","2008-06-09",0.8304
"2657","ws10","2008-06-25",0.7811
"2658","ws10","2008-07-11",0.7462
"2659","ws10","2008-07-27",0.8771
"2660","ws10","2008-08-12",0.5385
"2661","ws10","2008-08-28",0.8426
"2662","ws10","2008-09-13",0.8252
"2663","ws10","2008-09-29",0.7454
"2664","ws10","2008-10-15",0.7736
"2665","ws10","2008-10-31",0.704
"2666","ws10","2008-11-16",0.6389
"2667","ws10","2008-12-02",0.6776
"2668","ws10","2008-12-18",0.5891
"2669","ws10","2009-01-01",0.5353
"2670","ws10","2009-01-17",0.6789
"2671","ws10","2009-02-02",0.6533
"2672","ws10","2009-02-18",0.6208
"2673","ws10","2009-03-06",0.5924
"2674","ws10","2009-03-22",0.5951
"2675","ws10","2009-04-07",0.6624
"2676","ws10","2009-04-23",0.5343
"2677","ws10","2009-05-09",0.5112
"2678","ws10","2009-05-25",0.6053
"2679","ws10","2009-06-10",0.6503
"2680","ws10","2009-06-26",0.7028
"2681","ws10","2009-07-12",0.8244
"2682","ws10","2009-07-28",0.8259
"2683","ws10","2009-08-13",0.7466
"2684","ws10","2009-08-29",0.7821
"2685","ws10","2009-09-14",0.7379
"2686","ws10","2009-09-30",0.8221
"2687","ws10","2009-10-16",0.7429
"2688","ws10","2009-11-01",0.8229
"2689","ws10","2009-11-17",0.6655
"2690","ws10","2009-12-03",0.7633
"2691","ws10","2009-12-19",0.7494
"2692","ws10","2010-01-01",0.663
"2693","ws10","2010-01-17",0.6625
"2694","ws10","2010-02-02",0.7071
"2695","ws10","2010-02-18",0.6482
"2696","ws10","2010-03-06",0.6408
"2697","ws10","2010-03-22",0.6614
"2698","ws10","2010-04-07",0.702
"2699","ws10","2010-04-23",0.7399
"2700","ws10","2010-05-09",0.694
"2701","ws10","2010-05-25",0.6283
"2702","ws10","2010-06-10",0.7248
"2703","ws10","2010-06-26",0.0951
"2704","ws10","2010-07-12",0.329
"2705","ws10","2010-07-28",0.5593
"2706","ws10","2010-08-13",0.7528
"2707","ws10","2010-08-29",0.6007
"2708","ws10","2010-09-14",0.6696
"2709","ws10","2010-09-30",0.8271
"2710","ws10","2010-10-16",0.7192
"2711","ws10","2010-11-01",0.7184
"2712","ws10","2010-11-17",0.7321
"2713","ws10","2010-12-03",0.6701
"2714","ws10","2010-12-19",0.6907
"2715","ws10","2011-01-01",0.6685
"2716","ws10","2011-01-17",0.622
"2717","ws10","2011-02-02",0.5559
"2718","ws10","2011-02-18",0.588
"2719","ws10","2011-03-06",0.5018
"2720","ws10","2011-03-22",0.6038
"2721","ws10","2011-04-07",0.6444
"2722","ws10","2011-04-23",0.5878
"2723","ws10","2011-05-09",0.68
"2724","ws10","2011-05-25",0.6529
"2725","ws10","2011-06-10",0.6799
"2726","ws10","2011-06-26",0.7359
"2727","ws10","2011-07-12",0.805
"2728","ws10","2011-07-28",0.7943
"2729","ws10","2011-08-13",0.8404
"2730","ws10","2011-08-29",0.854
"2731","ws10","2011-09-14",0.787
"2732","ws10","2011-09-30",0.6399
"2733","ws10","2011-10-16",0.8019
"2734","ws10","2011-11-01",0.7918
"2735","ws10","2011-11-17",0.768
"2736","ws10","2011-12-03",0.7316
"2737","ws10","2011-12-19",0.6853
"2738","ws10","2012-01-01",0.668
"2739","ws10","2012-01-17",0.6619
"2740","ws10","2012-02-02",0.6591
"2741","ws10","2012-02-18",0.6906
"2742","ws10","2012-03-05",0.6649
"2743","ws10","2012-03-21",0.5062
"2744","ws10","2012-04-06",0.559
"2745","ws10","2012-04-22",0.475
"2746","ws10","2012-05-08",0.6307
"2747","ws10","2012-05-24",0.768
"2748","ws10","2012-06-09",0.6171
"2749","ws10","2012-06-25",0.8405
"2750","ws10","2012-07-11",0.777
"2751","ws10","2012-07-27",0.8599
"2752","ws10","2012-08-12",0.7705
"2753","ws10","2012-08-28",0.4678
"2754","ws10","2012-09-13",0.8646
"2755","ws10","2012-09-29",0.8309
"2756","ws10","2012-10-15",0.7453
"2757","ws10","2012-10-31",0.7926
"2758","ws10","2012-11-16",0.7565
"2759","ws10","2012-12-02",0.7771
"2760","ws10","2012-12-18",0.6941
